{
  "resourceType" : "AllergyIntolerance",
  "id" : "allergyIntolerance-latex-allergy",
  "meta" : {
    "profile" : ["http://fhir.health.gov.il/StructureDefinition/il-core-allergy-intolerance"]
  },
  "text" : {
    "status" : "generated",
    "div" : "<div xmlns=\"http://www.w3.org/1999/xhtml\">Latex Allergy</div>"
  },
  "clinicalStatus" : {
    "coding" : [{
      "system" : "http://terminology.hl7.org/CodeSystem/allergyintolerance-clinical",
      "code" : "active"
    }]
  },
  "verificationStatus" : {
    "coding" : [{
      "system" : "http://terminology.hl7.org/CodeSystem/allergyintolerance-verification",
      "code" : "confirmed"
    }]
  },
  "type" : "allergy",
  "category" : ["biologic"],
  "criticality" : "low",
  "code" : {
    "coding" : [{
      "system" : "http://snomed.info/sct",
      "code" : "1003755004",
      "display" : "Allergy to Hevea brasiliensis latex protein (finding)"
    }]
  },
  "patient" : {
    "reference" : "Patient/patient-with-israeli-id"
  },
  "reaction" : [{
    "substance" : {
      "coding" : [{
        "system" : "http://snomed.info/sct",
        "code" : "111088007",
        "display" : "Latex (substance)"
      }]
    },
    "manifestation" : [{
      "coding" : [{
        "system" : "http://snomed.info/sct",
        "code" : "271807003",
        "display" : "Eruption of skin (disorder)"
      }]
    },
    {
      "coding" : [{
        "system" : "http://snomed.info/sct",
        "code" : "418290006",
        "display" : "Itching (finding)"
      }]
    }],
    "severity" : "mild",
    "exposureRoute" : {
      "coding" : [{
        "system" : "http://snomed.info/sct",
        "code" : "6064005",
        "display" : "Topical route (qualifier value)"
      }]
    }
  }]
}