{"resourceType":"CodeSystem","id":"moh-medication-code","text":{"status":"generated","div":"<div xmlns=\"http://www.w3.org/1999/xhtml\"><p>This case-insensitive code system <code>http://israeldrugs.health.gov.il</code> defines codes, but no codes are represented here</p></div>"},"url":"http://israeldrugs.health.gov.il","version":"0.13.1","name":"MoHMedicationCode","title":"MoH Medication Codes","status":"draft","experimental":false,"date":"2023-12-04T20:03:33+01:00","publisher":"Israel Core Team","contact":[{"name":"Israel Core Team","telecom":[{"system":"email","value":"ido.levin@moh.gov.il"}]},{"name":"Kippi Bordowitz","telecom":[{"system":"email","value":"ido.levin@moh.gov.il"}]}],"description":"Codes for medications according to MoH catalogue","caseSensitive":false,"content":"not-present"}