<?xml version="1.0" encoding="UTF-8"?><ValueSet xmlns="http://hl7.org/fhir"><id value="patient-visit-reason-moh"/><text><status value="generated"/><div xmlns="http://www.w3.org/1999/xhtml"><ul><li>Include all codes defined in <a href="CodeSystem-patient-visit-reason-moh.html"><code>http://fhir.health.gov.il/cs/patient-visit-reason-moh</code></a></li></ul></div></text><url value="http://fhir.health.gov.il/ValueSet/patient-visit-reason-moh"/><version value="0.13.1"/><name value="PatientVisitReasonMoH"/><title value="Patient Visit Reason MoH"/><status value="draft"/><experimental value="false"/><date value="2023-12-03T19:02:07+02:00"/><publisher value="Israel Core Team"/><contact><name value="Israel Core Team"/><telecom><system value="email"/><value value="ido.levin@moh.gov.il"/></telecom></contact><contact><name value="Kippi Bordowitz"/><telecom><system value="email"/><value value="ido.levin@moh.gov.il"/></telecom></contact><description value="Moh Codes for Patient Visit Reason"/><compose><include><system value="http://fhir.health.gov.il/cs/patient-visit-reason-moh"/></include></compose></ValueSet>