{
  "codeSystems" : [
    {
      "url" : "http://fhir.health.gov.il/cs/city-symbol",
      "version" : "0.13.1",
      "status" : "draft",
      "name" : "CitySymbol",
      "title" : "City Symbol (סמל ישוב)",
      "description" : "Codes for cities in Israel",
      "uses" : {
      },
      "ValueSet-city-symbol.html" : "City Symbol (סמל ישוב)"
    },
    {
      "url" : "http://fhir.health.gov.il/cs/department-type-moh",
      "version" : "0.13.1",
      "status" : "draft",
      "name" : "DepartmentTypeMoH",
      "title" : "Department Type MoH",
      "description" : "Israel ministry of health coding system for department types",
      "uses" : {
      },
      "ValueSet-department-type-moh.html" : "Department Type MoH"
    },
    {
      "url" : "http://fhir.health.gov.il/cs/hebrew-date-day",
      "version" : "0.13.1",
      "status" : "draft",
      "name" : "HebrewDateDay",
      "title" : "Hebrew Date Day",
      "description" : "Codes for Hebrew date days",
      "uses" : {
      },
      "ValueSet-hebrew-date-day.html" : "Hebrew Date Day"
    },
    {
      "url" : "http://fhir.health.gov.il/cs/hebrew-date-month",
      "version" : "0.13.1",
      "status" : "draft",
      "name" : "HebrewDateMonth",
      "title" : "Hebrew Date Month",
      "description" : "Codes for Hebrew date months",
      "uses" : {
      },
      "ValueSet-hebrew-date-month.html" : "Hebrew Date Month"
    },
    {
      "url" : "http://fhir.health.gov.il/cs/icd9il",
      "version" : "0.13.1",
      "status" : "draft",
      "name" : "ICD9IL",
      "title" : "ICD9IL: Adendum to ICD9 according to codes by Israeli MoH",
      "description" : "Strings for procedures and diagnoses, added to ICD9",
      "uses" : {
      },
      "ValueSet-icd9il-procedures.html" : "ICD9 IL Procedures",
      "ValueSet-icd9il-diagnoses.html" : "ICD9 IL Diagnoses"
    },
    {
      "url" : "http://fhir.health.gov.il/cs/il-core-coverage-class",
      "version" : "0.13.1",
      "status" : "draft",
      "name" : "ILCoreCoverageClass",
      "title" : "IL Core Coverage Class codes",
      "description" : "Codes for Coverage classes",
      "uses" : {
      },
      "ValueSet-il-core-coverage-class.html" : "IL Core Coverage Class codes"
    },
    {
      "url" : "http://fhir.health.gov.il/cs/il-core-coverage-premium-type",
      "version" : "0.13.1",
      "status" : "draft",
      "name" : "ILCoreCoveragePremiumType",
      "title" : "IL Core Coverage Premium Type codes",
      "description" : "Codes for Types of premium payment methods",
      "uses" : {
      },
      "ValueSet-il-core-premium-type.html" : "IL Core Coverage Premium Type codes"
    },
    {
      "url" : "http://fhir.health.gov.il/cs/il-core-coverage-type",
      "version" : "0.13.1",
      "status" : "draft",
      "name" : "ILCoreCoverageType",
      "title" : "IL Core Coverage Type codes",
      "description" : "Codes for expressing general heigh level coverage types unique to Israel health system",
      "uses" : {
      },
      "ValueSet-il-core-coverage-type.html" : "IL Core Coverage Type codes"
    },
    {
      "url" : "http://fhir.health.gov.il/cs/il-core-encounter-class",
      "version" : "0.13.1",
      "status" : "draft",
      "name" : "ILCoreEncounterClass",
      "title" : "IL Core Encounter Class codes",
      "description" : "A list of codes for class types of encounters",
      "uses" : {
      },
      "ValueSet-il-core-encounter-class.html" : "IL Core Encounter Class Codes"
    },
    {
      "url" : "http://fhir.health.gov.il/cs/il-core-error-code",
      "version" : "0.13.1",
      "status" : "draft",
      "name" : "ILCoreErrorCode",
      "title" : "IL Core Error code",
      "description" : "A list of error codes for ILCore profiles",
      "uses" : {
      },
      "ValueSet-tofes17-error-codes.html" : "Tofes17 Error Codes"
    },
    {
      "url" : "http://fhir.health.gov.il/cs/il-core-medication-course-of-therapy-type",
      "version" : "0.13.1",
      "status" : "draft",
      "name" : "ILCoreMedicationCourseOfTherapyType",
      "title" : "Codes for Medication Course of therpy types",
      "description" : "A list of codes for Medication Course of therpy types",
      "uses" : {
      },
      "ValueSet-il-core-medication-course-of-therapy-type.html" : "ILCore Medication Course Of Therapy type"
    },
    {
      "url" : "http://fhir.health.gov.il/cs/il-core-medicationrequest-category",
      "version" : "0.13.1",
      "status" : "draft",
      "name" : "ILCoreMedicationCategory",
      "title" : "Codes for MedicationRequest categories",
      "description" : "A list of codes for MedicationRequest categories",
      "uses" : {
      },
      "ValueSet-il-core-medication-request-category.html" : "ILCore Medication Request Category",
      "ValueSet-il-core-medication-administrartion-category.html" : "ILCore Medication administrartion Category",
      "ValueSet-il-core-medication-statement-category.html" : "ILCore Medication statement Category"
    },
    {
      "url" : "http://fhir.health.gov.il/cs/il-core-not-performed-reason",
      "version" : "0.13.1",
      "status" : "draft",
      "name" : "ILCoreNotPerformedReason",
      "title" : "IL Core Not Perfomed Reasons",
      "description" : "A list of codes for reasons an observation was not made",
      "uses" : {
      },
      "ValueSet-il-core-not-performed-reason.html" : "IL Core procedure Reason"
    },
    {
      "url" : "http://fhir.health.gov.il/cs/il-core-religion-code",
      "version" : "0.13.1",
      "status" : "draft",
      "name" : "ILCoreReligionCode",
      "title" : "IL Core relirion code",
      "description" : "Codes for religions, an addendum to the HL7 religions CodeSystem",
      "uses" : {
      },
      "ConceptMap-ILCoreReligions.html" : "IL Core Religions",
      "ValueSet-il-core-religion-code.html" : "IL Core Religion Code"
    },
    {
      "url" : "http://fhir.health.gov.il/cs/institution-type-moh",
      "version" : "0.13.1",
      "status" : "draft",
      "name" : "InstitutionTypeMoH",
      "title" : "סוג מוסד לפי רישוי משרד הבריאות",
      "description" : "סוג מוסד לפי רישוי משרד הבריאות - הרוב המכריע נמצא בפרסום המאגר של רישוי מוסדות של משרד הבריאות",
      "uses" : {
      },
      "ValueSet-institution-type-moh.html" : "סוג מוסד לפי רישוי משרד הבריאות"
    },
    {
      "url" : "http://fhir.health.gov.il/cs/medical-service-moh",
      "version" : "0.13.1",
      "status" : "draft",
      "name" : "MedicalServiceMoH",
      "title" : "קוד מוצר או שירות על פי משרד הבריאות",
      "description" : "קוד שירותים רפואיים , כולל שירותים באשפוז, שירותים אמבולטוריים, רפואת שיניים ובריאות הנפש \n Codes for medical services. Note that while this code system closely resembles CPT and includes a large number of CPT codes, there are some additional codes that are not covered by CPT and, more importantly, some cases where CPT codes are remapped and have different semantic meanings (e.g., code #28899 has two different meanings in CPT and in MoH codesytem). Therefore, despite apparent resemblance, this code system MUST NOT be treated as CPT.",
      "uses" : {
      },
      "ValueSet-medical-service-moh.html" : "קוד מוצר או שירות",
      "ValueSet-il-core-procedure-code.html" : "IL Core procedure Codes"
    },
    {
      "url" : "http://fhir.health.gov.il/cs/moh-tofes17-issue-code",
      "version" : "0.13.1",
      "status" : "draft",
      "name" : "MohTofes17IssueCode",
      "title" : "Moh Form-17 Issue Code",
      "description" : "קודי שגיאה \\ סירוב לתהליכים הקשורים לטופס 17",
      "uses" : {
      },
      "ValueSet-tofes17-error-codes.html" : "Tofes17 Error Codes",
      "ValueSet-tofes17-reject-codes.html" : "Tofes17 Reject Codes"
    },
    {
      "url" : "http://fhir.health.gov.il/cs/patient-admit-source-moh",
      "version" : "0.13.1",
      "status" : "draft",
      "name" : "PatientAdmitSourceMoH",
      "title" : "Patient Admit Source MoH",
      "description" : "Moh Codes for Patient Admit Source",
      "uses" : {
      },
      "ValueSet-moh-admit-source.html" : "MoH Admit Source Codes",
      "ValueSet-patient-admit-source-moh.html" : "Patient Admit Source MoH"
    },
    {
      "url" : "http://fhir.health.gov.il/cs/patient-release-type-moh",
      "version" : "0.13.1",
      "status" : "draft",
      "name" : "PatientRealeaseTypeMoH",
      "title" : "Patient Realease Type MoH",
      "description" : "Moh Codes for Patient Realease Type",
      "uses" : {
      },
      "ValueSet-patient-release-type-moh.html" : "Patient Realease Type MoH"
    },
    {
      "url" : "http://fhir.health.gov.il/cs/patient-visit-reason-moh",
      "version" : "0.13.1",
      "status" : "draft",
      "name" : "PatientVisitReasonMoH",
      "title" : "Patient Visit Reason MoH",
      "description" : "Moh Codes for Patient Visit Reason",
      "uses" : {
      },
      "ValueSet-patient-visit-reason-moh.html" : "Patient Visit Reason MoH"
    },
    {
      "url" : "http://fhir.health.gov.il/cs/paying-entity-moh",
      "version" : "0.13.1",
      "status" : "draft",
      "name" : "PayingEntityMoH",
      "title" : "Payer (Paying Entity / גורם משלם)",
      "description" : "Codes for different paying entities in Israel; including HMOs, IDF, MoD, PLA, Prison system",
      "uses" : {
      },
      "ValueSet-israel-hmo.html" : "Israeli Health Management Organization (קופת חולים)"
    },
    {
      "url" : "http://fhir.health.gov.il/cs/practitioner-advanced-course-moh",
      "version" : "0.13.1",
      "status" : "draft",
      "name" : "PractitionerAdvancedCourseMoH",
      "title" : "Ministry of Health practitioner advanced courses codes",
      "description" : "Codes for practitioner advanced courses according to Israeli MoH",
      "uses" : {
      },
      "ValueSet-practitioner-advanced-course-moh.html" : "קוד קורס על בסיסי לעוסק בסיעוד"
    },
    {
      "url" : "http://fhir.health.gov.il/cs/practitioner-certificate-type-moh",
      "version" : "0.13.1",
      "status" : "draft",
      "name" : "PractitionerCertificateTypeMoH",
      "title" : "MoH Certificate Types",
      "description" : "A list of codes for certificate types according to Israeli MoH",
      "uses" : {
      },
      "ValueSet-practitioner-certificate-type.html" : "Practitioner Certificate Types"
    },
    {
      "url" : "http://fhir.health.gov.il/cs/practitioner-certificate-type-molsa",
      "version" : "0.13.1",
      "status" : "draft",
      "name" : "PractitionerCertificateTypeMoLSA",
      "title" : "MoLSA Certificate Types",
      "description" : "A list of codes for certificate types according to Israeli MoLSA",
      "uses" : {
      },
      "ValueSet-practitioner-certificate-type.html" : "Practitioner Certificate Types"
    },
    {
      "url" : "http://fhir.health.gov.il/cs/practitioner-expertise-moh",
      "version" : "0.13.1",
      "status" : "draft",
      "name" : "PractitionerExpertiseMoH",
      "title" : "קוד מומחיות לעוסק בבריאות",
      "description" : "קוד מומחיות לעוסק בבריאות לפי רישוי משרד הבריאות",
      "uses" : {
      },
      "ValueSet-practitioner-expertise-moh.html" : "קוד מומחיות לעוסק בבריאות"
    },
    {
      "url" : "http://fhir.health.gov.il/cs/practitioner-profession-moh",
      "version" : "0.13.1",
      "status" : "draft",
      "name" : "PractitionerProfessionMoH",
      "title" : "קוד מקצוע לעוסק בבריאות",
      "description" : "קוד מקצוע לעוסק בבריאות לפי רישוי משרד הבריאות",
      "uses" : {
      },
      "ValueSet-practitioner-profession-moh.html" : "קוד מקצוע לעוסק בבריאות",
      "ValueSet-practitioner-nurse-profession-moh.html" : "קוד מקצוע לעוסק בסיעוד"
    },
    {
      "url" : "http://hl7.org/fhir/sid/cvx",
      "version" : "4.0.0",
      "status" : "active",
      "name" : "CVX",
      "title" : "Vaccine Administered Code Set (CVX)",
      "description" : "The CDC's National Center of Immunization and Respiratory Diseases (NCIRD - see [https://www.cdc.gov/ncird/](https://www.cdc.gov/ncird/)) developed and maintains the CVX (vaccine administered) code set. It includes both active and inactive vaccines available in the US. CVX codes for inactive vaccines allow transmission of historical immunization records. When a MVX (manufacturer) code is paired with a CVX (vaccine administered) code, the specific trade named vaccine may be indicated. These codes should be used for immunization messages using either HL7 Version 2.3.1 or HL7 Version 2.5.1. CVX is the underlying Master Code System for V2 table 0292 (Vaccines Administered). The machine readable name for CVX in PHIN VADS is PH_VaccinesAdministeredCVX_CDC_NIP. The version of the CVX code set for certification can be found on the archive page:[https://www2a.cdc.gov/vaccines/iis/iisstandards/mu3versioned_codes.asp](https://www2a.cdc.gov/vaccines/iis/iisstandards/mu3versioned_codes.asp) \r\n\r\nThe Status column indicates if the vaccine is currently available in the United States.\r\n\r\n*  Active: A currently available administrable vaccine \r\n\r\n*  Inactive: An administrable vaccine formulation that is no longer available for patient administration, but can be found in historical patient records OR A historical record of a vaccine administered where the exact formulation is unknown \r\n\r\n*  Pending: A vaccine that is expected to become active in the future \r\n\r\n*  Non-US: A vaccine that available outside the US only \r\n\r\n*  Never Active: A vaccine that was never available and is not in the pipeline of new vaccines \r\n\r\nThe Last Updated column indicates the last time this particular vaccine code was updated in this table.\r\n\r\nQuestions regarding this table should be directed to the IIS Technical Assistance Team via iisinfo@cdc.gov (or use mailing address via [https://www2a.cdc.gov/vaccines/iis/iisstandards/vaccines.asp?rpt=cvx#addr](https://www2a.cdc.gov/vaccines/iis/iisstandards/vaccines.asp?rpt=cvx#addr)) \r\n\r\nHL7 Implementers should note that 'Status' IS NOT CONCEPT STATUS as all codes are ACTIVE in this code system.\r\n\r\nThe current code system is available via [https://www2a.cdc.gov/vaccines/iis/iisstandards/vaccines.asp?rpt=cvx](https://www2a.cdc.gov/vaccines/iis/iisstandards/vaccines.asp?rpt=cvx)",
      "oids" : ["2.16.840.1.113883.12.292"],
      "uses" : {
      },
      "ValueSet-vaccine-product-code.html" : "Vaccine Product Codes",
      "ValueSet-il-core-substance.html" : "IL Core Substance Codes"
    },
    {
      "url" : "http://hl7.org/fhir/sid/icd-10",
      "version" : "2.1.1",
      "status" : "retired",
      "name" : "Icd10",
      "title" : "ICD-10",
      "description" : "International Classification of Diseases revision 10 (ICD 10)",
      "oids" : ["2.16.840.1.113883.6.3"],
      "uses" : {
      },
      "ValueSet-il-core-condition-code.html" : "IL Core Condition Code",
      "ValueSet-il-core-allergy-intolerance-code.html" : "IL Core Allergy Intolerance Code",
      "ValueSet-il-core-manifestation.html" : "IL Core Condition Codes"
    },
    {
      "url" : "http://hl7.org/fhir/sid/icd-10-cm",
      "version" : "2.0.1",
      "status" : "active",
      "name" : "Icd10CM",
      "title" : "International Classification of Diseases, 10th Revision, Clinical Modification (ICD-10-CM)",
      "description" : "The International Classification of Diseases, 10th Revision, Clinical Modification (ICD-10-CM), describes the classification of morbidity and mortality information for statistical purposes and for the indexing of healthcare records by diseases. The ICD-10-CM codes can be used as the value of the Act.cd attribute.",
      "oids" : ["2.16.840.1.113883.6.90"],
      "uses" : {
      },
      "ValueSet-il-core-condition-code.html" : "IL Core Condition Code",
      "ValueSet-il-core-allergy-intolerance-code.html" : "IL Core Allergy Intolerance Code",
      "ValueSet-il-core-manifestation.html" : "IL Core Condition Codes"
    },
    {
      "url" : "http://israeldrugs.health.gov.il",
      "version" : "0.13.1",
      "status" : "draft",
      "name" : "MoHMedicationCode",
      "title" : "MoH Medication Codes",
      "description" : "Codes for medications according to MoH catalogue",
      "uses" : {
      },
      "ValueSet-moh-medication-code.html" : "MoH Medication Code",
      "ValueSet-il-core-medication-code.html" : "ILCore Medication Code"
    },
    {
      "url" : "http://loinc.org",
      "version" : "3.1.0",
      "status" : "active",
      "name" : "LOINC",
      "title" : "Logical Observation Identifiers, Names and Codes (LOINC)",
      "description" : "LOINC provides a set of universal names and ID codes for identifying laboratory and clinical test results.1,2 LOINC facilitates the exchange and pooling of results, such as blood hemoglobin, serum potassium, or vital signs, for clinical care, outcomes management, and research. LOINC's universal identifiers (names and codes) can be used in the context of order and observation exchanges between information systems that use syntax standards such as HL73, CEN TC251, ISO TC215, ASTM4, and DICOM. Specifically, the identifier can be used as the coded value for an observation in any other standard that uses the observation/observation value paradigm, whether messages, documents, application programming interface (API), etc. For example, LOINC codes are used widely in the OBX segment Observation Identifier field (OBX-3) of an ORU HL7 (HL7 version 2.x or ASTM 1238-9410) message that may be sent between a Clinical Laboratory Information Management Systems (LIMS) and Electronic Health Record Systems (EHR).5, 6 In this way, LOINC codes provide universal identifiers that allow the exchange of clinical data between heterogeneous computing environments.",
      "oids" : ["2.16.840.1.113883.6.1"],
      "uses" : {
      },
      "ValueSet-il-core-observation-lab-code.html" : "IL Core Observation Lab Code",
      "ValueSet-il-core-observation-code.html" : "IL Core Observation Codes",
      "ValueSet-il-core-procedure-code.html" : "IL Core procedure Codes",
      "ValueSet-il-core-observation-value.html" : "IL Core Observation Value Codes"
    },
    {
      "url" : "http://snomed.info/sct",
      "version" : null,
      "status" : "active",
      "name" : "SNOMED_CT",
      "title" : "SNOMED CT (all versions)",
      "description" : "SNOMED CT is the most comprehensive and precise clinical health terminology product in the world, owned and distributed around the world by The International Health Terminology Standards Development Organisation (IHTSDO).",
      "oids" : ["2.16.840.1.113883.6.96"],
      "uses" : {
      },
      "ValueSet-immunization-side-effect.html" : "Immunization side-effect codes",
      "ValueSet-il-core-manifestation.html" : "IL Core Condition Codes",
      "ValueSet-organization-type.html" : "Organization Type",
      "http://hl7.org/fhir/R4/valueset-observation-methods.html" : "Observation Methods",
      "ValueSet-il-core-service-type.html" : "IL Core Service type",
      "ValueSet-il-core-observation-value.html" : "IL Core Observation Value Codes",
      "http://hl7.org/fhir/R4/valueset-route-codes.html" : "SNOMED CT Route Codes",
      "http://hl7.org/fhir/R4/valueset-approach-site-codes.html" : "SNOMED CT Anatomical Structure for Administration Site Codes",
      "ValueSet-il-core-medication-statement-code.html" : "ILCore Medication statement Code",
      "ValueSet-il-core-common-units-of-measure.html" : "IL Core Units Of Measure Codes",
      "http://hl7.org/fhir/R4/valueset-medication-form-codes.html" : "SNOMED CT Form Codes",
      "ValueSet-il-core-condition-category.html" : "IL Core Condition Category Codes",
      "ValueSet-il-core-procedure-code.html" : "IL Core procedure Codes",
      "ValueSet-reason-not-done.html" : "statusReason codes for Immunization profile",
      "ValueSet-target-disease.html" : "Target Disease Codes",
      "http://hl7.org/fhir/R4/valueset-administration-method-codes.html" : "SNOMED CT Administration Method Codes",
      "ValueSet-immunization-body-site.html" : "Immunization Observation Body Site list",
      "http://hl7.org/fhir/R4/valueset-additional-instruction-codes.html" : "SNOMED CT Additional Dosage Instructions",
      "ValueSet-il-core-allergy-intolerance-code.html" : "IL Core Allergy Intolerance Code",
      "ValueSet-il-core-substance.html" : "IL Core Substance Codes",
      "ValueSet-vaccine-code.html" : "Vaccine Codes",
      "ValueSet-il-core-service-category.html" : "IL Core ServiceCategory",
      "ValueSet-il-core-units-of-measure.html" : "IL Core Units Of Measure Codes",
      "ValueSet-il-core-virtual-type.html" : "IL Core Virtual encounter Type Codes",
      "ValueSet-il-core-medication-code.html" : "ILCore Medication Code",
      "ValueSet-il-core-observation-code.html" : "IL Core Observation Codes",
      "http://hl7.org/fhir/R4/valueset-body-site.html" : "SNOMED CT Body Structures",
      "ValueSet-il-core-route-code.html" : "IL Core Route Code",
      "ValueSet-il-core-condition-code.html" : "IL Core Condition Code",
      "ValueSet-il-core-doctor-to-doctor.html" : "IL Core Doctor To Doctor Codes",
      "http://hl7.org/fhir/R4/valueset-medication-as-needed-reason.html" : "SNOMED CT Medication As Needed Reason Codes",
      "ValueSet-il-core-allergy-intolerance-end-reason.html" : "IL Core Condition End Reason"
    },
    {
      "url" : "http://terminology.hl7.org/CodeSystem/admit-source",
      "version" : "0.1.0",
      "status" : "draft",
      "name" : "AdmitSource",
      "title" : "Admit source",
      "description" : "This value set defines a set of codes that can be used to indicate from where the patient came in.",
      "oids" : ["2.16.840.1.113883.4.642.1.1092"],
      "uses" : {
      },
      "ValueSet-moh-admit-source.html" : "MoH Admit Source Codes"
    },
    {
      "url" : "http://terminology.hl7.org/CodeSystem/condition-category",
      "version" : "0.5.0",
      "status" : "draft",
      "name" : "ConditionCategoryCodes",
      "title" : "Condition Category Codes",
      "description" : "Preferred value set for Condition Categories.",
      "oids" : ["2.16.840.1.113883.4.642.1.1073"],
      "uses" : {
      },
      "ValueSet-il-core-condition-category.html" : "IL Core Condition Category Codes"
    },
    {
      "url" : "http://terminology.hl7.org/CodeSystem/dose-rate-type",
      "version" : "0.1.0",
      "status" : "draft",
      "name" : "DoseAndRateType",
      "title" : "DoseAndRateType",
      "description" : "The kind of dose or rate specified.",
      "oids" : ["2.16.840.1.113883.4.642.1.1069"],
      "uses" : {
      },
      "http://hl7.org/fhir/R4/valueset-dose-rate-type.html" : "DoseAndRateType"
    },
    {
      "url" : "http://terminology.hl7.org/CodeSystem/icd-o-3",
      "version" : "2.0.1",
      "status" : "active",
      "name" : "IcdO3",
      "title" : "International Classification of Diseases for Oncology, version 3.",
      "description" : "International Classification of Diseases for Oncology, version 3. For more information see http://www.who.int/classifications/icd/adaptations/oncology/en/.",
      "oids" : ["2.16.840.1.113883.6.43.1"],
      "uses" : {
      },
      "ValueSet-il-core-condition-code.html" : "IL Core Condition Code"
    },
    {
      "url" : "http://terminology.hl7.org/CodeSystem/medicationrequest-course-of-therapy",
      "version" : "0.1.0",
      "status" : "draft",
      "name" : "MedicationRequestCourseOfTherapyCodes",
      "title" : "MedicationRequest Course of Therapy Codes",
      "description" : "MedicationRequest Course of Therapy Codes",
      "oids" : ["2.16.840.1.113883.4.642.1.1327"],
      "uses" : {
      },
      "ValueSet-il-core-medication-course-of-therapy-type.html" : "ILCore Medication Course Of Therapy type"
    },
    {
      "url" : "http://terminology.hl7.org/CodeSystem/v2-0131",
      "version" : "2.1.0",
      "status" : "active",
      "name" : "ContactRole2",
      "title" : "contactRole2",
      "description" : "Code system of concepts which specify a relationship role that the next of kin/associated parties plays with regard to the patient. Also used in referrals, for example, it may be necessary to identify the contact representative at the clinic that sent a referral. Used in HL7 Version 2 messaging in the NK1 and CTD segments after 2.5, when it replace 2.16.840.1.113883.18.57.",
      "oids" : ["2.16.840.1.113883.18.58"],
      "uses" : {
      },
      "ValueSet-patient-relationship-type.html" : "IL Core Patient Relationship Type codes"
    },
    {
      "url" : "http://terminology.hl7.org/CodeSystem/v3-ActCode",
      "version" : "8.0.1",
      "status" : "active",
      "name" : "ActCode",
      "title" : "ActCode",
      "description" : "A code specifying the particular kind of Act that the Act-instance represents within its class.\r\n\r\n*Constraints:* The kind of Act (e.g. physical examination, serum potassium, inpatient encounter, charge financial transaction, etc.) is specified with a code from one of several, typically external, coding systems. The coding system will depend on the class of Act, such as LOINC for observations, etc.\r\n\r\nConceptually, the Act.code must be a specialization of the Act.classCode. This is why the structure of ActClass domain should be reflected in the superstructure of the ActCode domain and then individual codes or externally referenced vocabularies subordinated under these domains that reflect the ActClass structure.\r\n\r\nAct.classCode and Act.code are not modifiers of each other but the Act.code concept should really imply the Act.classCode concept. For a negative example, it is not appropriate to use an Act.code \"potassium\" together with and Act.classCode for \"laboratory observation\" to somehow mean \"potassium laboratory observation\" and then use the same Act.code for \"potassium\" together with Act.classCode for \"medication\" to mean \"substitution of potassium\". This mutually modifying use of Act.code and Act.classCode is not permitted.",
      "oids" : ["2.16.840.1.113883.5.4"],
      "uses" : {
      },
      "ValueSet-il-core-encounter-class.html" : "IL Core Encounter Class Codes"
    },
    {
      "url" : "http://terminology.hl7.org/CodeSystem/v3-ReligiousAffiliation",
      "version" : "2.1.0",
      "status" : "active",
      "name" : "ReligiousAffiliation",
      "title" : "Religious Affiliation",
      "description" : "Assigment of spiritual faith affiliation",
      "oids" : ["2.16.840.1.113883.5.1076"],
      "uses" : {
      },
      "ConceptMap-ILCoreReligions.html" : "IL Core Religions",
      "ValueSet-il-core-religion-code.html" : "IL Core Religion Code"
    },
    {
      "url" : "http://terminology.hl7.org/CodeSystem/v3-RoleCode",
      "version" : "2.2.0",
      "status" : "active",
      "name" : "RoleCode",
      "title" : "RoleCode",
      "description" : "A set of codes further specifying the kind of Role; specific classification codes for further qualifying RoleClass codes.",
      "oids" : ["2.16.840.1.113883.5.111"],
      "uses" : {
      },
      "ValueSet-patient-relationship-type.html" : "IL Core Patient Relationship Type codes",
      "ValueSet-il-core-parent-name-role.html" : "The role of the parent (father/mother) whose name is recorded"
    },
    {
      "url" : "http://terminology.hl7.org/CodeSystem/v3-RouteOfAdministration",
      "version" : "2.1.0",
      "status" : "active",
      "name" : "RouteOfAdministration",
      "title" : "RouteOfAdministration",
      "description" : "The path the administered medication takes to get into the body or into contact with the body.",
      "oids" : ["2.16.840.1.113883.5.112"],
      "uses" : {
      },
      "http://hl7.org/fhir/R4/valueset-immunization-route.html" : "Immunization Route Codes"
    },
    {
      "url" : "http://unitsofmeasure.org",
      "version" : "3.0.1",
      "status" : "active",
      "name" : "UCUM",
      "title" : "Unified Code for Units of Measure (UCUM)",
      "description" : "The Unified Code for Units of Measure (UCUM) is a code system intended to include all units of measures being contemporarily used in international science, engineering, and business. The purpose is to facilitate unambiguous electronic communication of quantities together with their units. The focus is on electronic communication, as opposed to communication between humans. A typical application of The Unified Code for Units of Measure are electronic data interchange (EDI) protocols, but there is nothing that prevents it from being used in other types of machine communication.",
      "oids" : ["2.16.840.1.113883.6.8"],
      "uses" : {
      },
      "ValueSet-il-core-units-of-measure.html" : "IL Core Units Of Measure Codes",
      "http://hl7.org/fhir/R4/valueset-age-units.html" : "Common UCUM Codes for Age"
    },
    {
      "url" : "http://www.nlm.nih.gov/research/umls/rxnorm",
      "version" : "3.0.1",
      "status" : "active",
      "name" : "RxNorm",
      "title" : "RxNorm",
      "description" : "RxNorm provides normalized names for clinical drugs and links its names to many of the drug vocabularies commonly used in pharmacy management and drug interaction software, including those of First Databank, Micromedex, and Gold Standard Drug Database. By providing links between these vocabularies, RxNorm can mediate messages between systems not using the same software and vocabulary. RxNorm now includes the United States Pharmacopeia (USP) Compendial Nomenclature from the United States Pharmacopeial Convention. USP is a cumulative data set of all Active Pharmaceutical Ingredients (API).",
      "oids" : ["2.16.840.1.113883.6.88"],
      "uses" : {
      },
      "ValueSet-il-core-medication-code.html" : "ILCore Medication Code"
    },
    {
      "url" : "http://www.whocc.no/atc",
      "version" : "2.0.1",
      "status" : "active",
      "name" : "WC",
      "title" : "WHO ATC",
      "description" : "WHO ATC",
      "oids" : ["2.16.840.1.113883.6.73"],
      "uses" : {
      },
      "ValueSet-vaccine-product-code.html" : "Vaccine Product Codes",
      "ValueSet-il-core-medication-code.html" : "ILCore Medication Code"
    },
    {
      "url" : "http://yarpa.co.il/catalog",
      "version" : "0.13.1",
      "status" : "draft",
      "name" : "YarpaMedicationCode",
      "title" : "Yarpa Medication Codes",
      "description" : "Codes for medications according to 'Yarpa' catalogue",
      "uses" : {
      },
      "ValueSet-yarpa-medication-code.html" : "Yarpa Medication Code"
    },
    {
      "url" : "urn:ietf:rfc:3986",
      "version" : "0.13.1",
      "status" : "draft",
      "name" : "ILCoreURN",
      "title" : "CodeSyestem for URNs",
      "description" : "Codes for for URNs of different kinds, instead of using urn:ietf:rfc:3986 and urn:iso:std:iso:3166 as CodeSystem identifiers",
      "uses" : {
      },
      "ValueSet-statistical-area-uri.html" : "Israeli statistical area (אג\"ס) URI",
      "ValueSet-passport-uri.html" : "Passport URIs"
    },
    {
      "url" : "urn:iso:std:iso:3166",
      "version" : "1.0.0",
      "status" : "active",
      "name" : "ISO3166Part1",
      "title" : "ISO 3166-1 Codes for the representation of names of countries and their subdivisions — Part 1: Country code",
      "description" : "ISO 3166-1 establishes codes that represent the current names of countries, dependencies, and other areas of particular geopolitical interest, on the basis of country names obtained from the United Nations.",
      "oids" : ["1.0.3166.1"],
      "uses" : {
      },
      "ValueSet-il-core-jurisdiction.html" : "Country Codes"
    }
  ]
}
