<?xml version="1.0" encoding="UTF-8"?>

<CodeSystem xmlns="http://hl7.org/fhir">
  <id value="practitioner-advanced-course-moh"/>
  <text>
    <status value="generated"/><div xmlns="http://www.w3.org/1999/xhtml"><p>This case-insensitive code system <code>http://fhir.health.gov.il/cs/practitioner-advanced-course-moh</code> defines the following codes:</p><table class="codes"><tr><td style="white-space:nowrap"><b>Code</b></td><td><b>Display</b></td></tr><tr><td style="white-space:nowrap">5<a name="practitioner-advanced-course-moh-5"> </a></td><td>מיילדות</td></tr><tr><td style="white-space:nowrap">7<a name="practitioner-advanced-course-moh-7"> </a></td><td>בריאות הציבור</td></tr><tr><td style="white-space:nowrap">8<a name="practitioner-advanced-course-moh-8"> </a></td><td>פסיכיאטריה</td></tr><tr><td style="white-space:nowrap">9<a name="practitioner-advanced-course-moh-9"> </a></td><td>סיעוד בבריאות תעסוקתית</td></tr><tr><td style="white-space:nowrap">16<a name="practitioner-advanced-course-moh-16"> </a></td><td>טיפול נמרץ משולב (כללי)</td></tr><tr><td style="white-space:nowrap">18<a name="practitioner-advanced-course-moh-18"> </a></td><td>אונקולוגיה</td></tr><tr><td style="white-space:nowrap">19<a name="practitioner-advanced-course-moh-19"> </a></td><td>נפרולוגיה</td></tr><tr><td style="white-space:nowrap">56<a name="practitioner-advanced-course-moh-56"> </a></td><td>סיעוד התלמיד כהכנה לברצ&quot;ב</td></tr><tr><td style="white-space:nowrap">62<a name="practitioner-advanced-course-moh-62"> </a></td><td>קביעת מעמד - מעשיות</td></tr><tr><td style="white-space:nowrap">65<a name="practitioner-advanced-course-moh-65"> </a></td><td>הדרכה קלינית</td></tr><tr><td style="white-space:nowrap">67<a name="practitioner-advanced-course-moh-67"> </a></td><td>רפואה דחופה</td></tr><tr><td style="white-space:nowrap">68<a name="practitioner-advanced-course-moh-68"> </a></td><td>שיקום</td></tr><tr><td style="white-space:nowrap">70<a name="practitioner-advanced-course-moh-70"> </a></td><td>מניעת זיהומים</td></tr><tr><td style="white-space:nowrap">71<a name="practitioner-advanced-course-moh-71"> </a></td><td>טיפול נמרץ פגים</td></tr><tr><td style="white-space:nowrap">72<a name="practitioner-advanced-course-moh-72"> </a></td><td>טיפול נמרץ ילדים</td></tr><tr><td style="white-space:nowrap">73<a name="practitioner-advanced-course-moh-73"> </a></td><td>רפואה ראשונית</td></tr><tr><td style="white-space:nowrap">75<a name="practitioner-advanced-course-moh-75"> </a></td><td>רפואה מונעת</td></tr><tr><td style="white-space:nowrap">76<a name="practitioner-advanced-course-moh-76"> </a></td><td>סוכרת</td></tr><tr><td style="white-space:nowrap">77<a name="practitioner-advanced-course-moh-77"> </a></td><td>ניהול הטיפול באי ספיקת לב</td></tr><tr><td style="white-space:nowrap">100<a name="practitioner-advanced-course-moh-100"> </a></td><td>חדר ניתוח</td></tr><tr><td style="white-space:nowrap">106<a name="practitioner-advanced-course-moh-106"> </a></td><td>גריאטריה</td></tr><tr><td style="white-space:nowrap">107<a name="practitioner-advanced-course-moh-107"> </a></td><td>יועצת הנקה</td></tr><tr><td style="white-space:nowrap">108<a name="practitioner-advanced-course-moh-108"> </a></td><td>מדיניות ומינהל בסיעוד</td></tr><tr><td style="white-space:nowrap">109<a name="practitioner-advanced-course-moh-109"> </a></td><td>רישום מרשמי המשך על ידי אחות</td></tr><tr><td style="white-space:nowrap">110<a name="practitioner-advanced-course-moh-110"> </a></td><td>פסיכותרפיה</td></tr><tr><td style="white-space:nowrap">111<a name="practitioner-advanced-course-moh-111"> </a></td><td>פסיכותרפיה בשיטת CBT</td></tr><tr><td style="white-space:nowrap">112<a name="practitioner-advanced-course-moh-112"> </a></td><td>מבחן ממיין</td></tr><tr><td style="white-space:nowrap">113<a name="practitioner-advanced-course-moh-113"> </a></td><td>ייעוץ לפעילות גופנית</td></tr><tr><td style="white-space:nowrap">114<a name="practitioner-advanced-course-moh-114"> </a></td><td>ייעוץ שינה</td></tr><tr><td style="white-space:nowrap">115<a name="practitioner-advanced-course-moh-115"> </a></td><td>טיפול בפצעים וסטומה</td></tr><tr><td style="white-space:nowrap">116<a name="practitioner-advanced-course-moh-116"> </a></td><td>גסטרואנטרולוגיה</td></tr><tr><td style="white-space:nowrap">117<a name="practitioner-advanced-course-moh-117"> </a></td><td>שבץ מוחי</td></tr><tr><td style="white-space:nowrap">118<a name="practitioner-advanced-course-moh-118"> </a></td><td>אי ספיקת לב</td></tr><tr><td style="white-space:nowrap">119<a name="practitioner-advanced-course-moh-119"> </a></td><td>פוריות</td></tr><tr><td style="white-space:nowrap">120<a name="practitioner-advanced-course-moh-120"> </a></td><td>רפואה ראשונית ורישום מרשמי המשך</td></tr><tr><td style="white-space:nowrap">1001<a name="practitioner-advanced-course-moh-1001"> </a></td><td>מומחיות סוכרת</td></tr><tr><td style="white-space:nowrap">1002<a name="practitioner-advanced-course-moh-1002"> </a></td><td>מומחיות גריאטריה</td></tr><tr><td style="white-space:nowrap">1003<a name="practitioner-advanced-course-moh-1003"> </a></td><td>מומחיות טיפול תומך</td></tr><tr><td style="white-space:nowrap">1005<a name="practitioner-advanced-course-moh-1005"> </a></td><td>רפואה ראשונית צבאית-רפואה ראשונית</td></tr><tr><td style="white-space:nowrap">1006<a name="practitioner-advanced-course-moh-1006"> </a></td><td>מודולת השלמה בייעוץ הנקה</td></tr><tr><td style="white-space:nowrap">1007<a name="practitioner-advanced-course-moh-1007"> </a></td><td>מודולת השלמה בשבץ מוחי</td></tr><tr><td style="white-space:nowrap">1008<a name="practitioner-advanced-course-moh-1008"> </a></td><td>חטיבה משותפת אקוטית מבוגרים</td></tr><tr><td style="white-space:nowrap">1009<a name="practitioner-advanced-course-moh-1009"> </a></td><td>חטיבה משותפת אקוטית ילדים</td></tr><tr><td style="white-space:nowrap">1010<a name="practitioner-advanced-course-moh-1010"> </a></td><td>חטיבה משותפת אקוטית כרונית</td></tr><tr><td style="white-space:nowrap">1011<a name="practitioner-advanced-course-moh-1011"> </a></td><td>חטיבה משותפת כרונית</td></tr><tr><td style="white-space:nowrap">1012<a name="practitioner-advanced-course-moh-1012"> </a></td><td>מניעה וקידום בריאות וייעוץ הנקה</td></tr><tr><td style="white-space:nowrap">1014<a name="practitioner-advanced-course-moh-1014"> </a></td><td>רפואה ראשונית צבאית - רפואה ראשונית ורישום מרשמי המשך</td></tr></table></div>
  </text>
  <extension url="http://hl7.org/fhir/StructureDefinition/codesystem-effectiveDate">
    <valueDate value="2023-01"/>
  </extension>
  <url value="http://fhir.health.gov.il/cs/practitioner-advanced-course-moh"/>
  <version value="0.13.1"/>
  <name value="PractitionerAdvancedCourseMoH"/>
  <title value="Ministry of Health practitioner advanced courses codes"/>
  <status value="draft"/>
  <experimental value="false"/>
  <date value="2023-12-03T19:02:07+02:00"/>
  <publisher value="Israel Core Team"/>
  <contact>
    <name value="Israel Core Team"/>
    <telecom>
      <system value="email"/>
      <value value="ido.levin@moh.gov.il"/>
    </telecom>
  </contact>
  <contact>
    <name value="Kippi Bordowitz"/>
    <telecom>
      <system value="email"/>
      <value value="ido.levin@moh.gov.il"/>
    </telecom>
  </contact>
  <description value="Codes for practitioner advanced courses according to Israeli MoH"/>
  <caseSensitive value="false"/>
  <content value="complete"/>
  <count value="47"/>
  <concept>
    <code value="5"/>
    <display value="מיילדות"/>
  </concept>
  <concept>
    <code value="7"/>
    <display value="בריאות הציבור"/>
  </concept>
  <concept>
    <code value="8"/>
    <display value="פסיכיאטריה"/>
  </concept>
  <concept>
    <code value="9"/>
    <display value="סיעוד בבריאות תעסוקתית"/>
  </concept>
  <concept>
    <code value="16"/>
    <display value="טיפול נמרץ משולב (כללי)"/>
  </concept>
  <concept>
    <code value="18"/>
    <display value="אונקולוגיה"/>
  </concept>
  <concept>
    <code value="19"/>
    <display value="נפרולוגיה"/>
  </concept>
  <concept>
    <code value="56"/>
    <display value="סיעוד התלמיד כהכנה לברצ&quot;ב"/>
  </concept>
  <concept>
    <code value="62"/>
    <display value="קביעת מעמד - מעשיות"/>
  </concept>
  <concept>
    <code value="65"/>
    <display value="הדרכה קלינית"/>
  </concept>
  <concept>
    <code value="67"/>
    <display value="רפואה דחופה"/>
  </concept>
  <concept>
    <code value="68"/>
    <display value="שיקום"/>
  </concept>
  <concept>
    <code value="70"/>
    <display value="מניעת זיהומים"/>
  </concept>
  <concept>
    <code value="71"/>
    <display value="טיפול נמרץ פגים"/>
  </concept>
  <concept>
    <code value="72"/>
    <display value="טיפול נמרץ ילדים"/>
  </concept>
  <concept>
    <code value="73"/>
    <display value="רפואה ראשונית"/>
  </concept>
  <concept>
    <code value="75"/>
    <display value="רפואה מונעת"/>
  </concept>
  <concept>
    <code value="76"/>
    <display value="סוכרת"/>
  </concept>
  <concept>
    <code value="77"/>
    <display value="ניהול הטיפול באי ספיקת לב"/>
  </concept>
  <concept>
    <code value="100"/>
    <display value="חדר ניתוח"/>
  </concept>
  <concept>
    <code value="106"/>
    <display value="גריאטריה"/>
  </concept>
  <concept>
    <code value="107"/>
    <display value="יועצת הנקה"/>
  </concept>
  <concept>
    <code value="108"/>
    <display value="מדיניות ומינהל בסיעוד"/>
  </concept>
  <concept>
    <code value="109"/>
    <display value="רישום מרשמי המשך על ידי אחות"/>
  </concept>
  <concept>
    <code value="110"/>
    <display value="פסיכותרפיה"/>
  </concept>
  <concept>
    <code value="111"/>
    <display value="פסיכותרפיה בשיטת CBT"/>
  </concept>
  <concept>
    <code value="112"/>
    <display value="מבחן ממיין"/>
  </concept>
  <concept>
    <code value="113"/>
    <display value="ייעוץ לפעילות גופנית"/>
  </concept>
  <concept>
    <code value="114"/>
    <display value="ייעוץ שינה"/>
  </concept>
  <concept>
    <code value="115"/>
    <display value="טיפול בפצעים וסטומה"/>
  </concept>
  <concept>
    <code value="116"/>
    <display value="גסטרואנטרולוגיה"/>
  </concept>
  <concept>
    <code value="117"/>
    <display value="שבץ מוחי"/>
  </concept>
  <concept>
    <code value="118"/>
    <display value="אי ספיקת לב"/>
  </concept>
  <concept>
    <code value="119"/>
    <display value="פוריות"/>
  </concept>
  <concept>
    <code value="120"/>
    <display value="רפואה ראשונית ורישום מרשמי המשך"/>
  </concept>
  <concept>
    <code value="1001"/>
    <display value="מומחיות סוכרת"/>
  </concept>
  <concept>
    <code value="1002"/>
    <display value="מומחיות גריאטריה"/>
  </concept>
  <concept>
    <code value="1003"/>
    <display value="מומחיות טיפול תומך"/>
  </concept>
  <concept>
    <code value="1005"/>
    <display value="רפואה ראשונית צבאית-רפואה ראשונית"/>
  </concept>
  <concept>
    <code value="1006"/>
    <display value="מודולת השלמה בייעוץ הנקה"/>
  </concept>
  <concept>
    <code value="1007"/>
    <display value="מודולת השלמה בשבץ מוחי"/>
  </concept>
  <concept>
    <code value="1008"/>
    <display value="חטיבה משותפת אקוטית מבוגרים"/>
  </concept>
  <concept>
    <code value="1009"/>
    <display value="חטיבה משותפת אקוטית ילדים"/>
  </concept>
  <concept>
    <code value="1010"/>
    <display value="חטיבה משותפת אקוטית כרונית"/>
  </concept>
  <concept>
    <code value="1011"/>
    <display value="חטיבה משותפת כרונית"/>
  </concept>
  <concept>
    <code value="1012"/>
    <display value="מניעה וקידום בריאות וייעוץ הנקה"/>
  </concept>
  <concept>
    <code value="1014"/>
    <display value="רפואה ראשונית צבאית - רפואה ראשונית ורישום מרשמי המשך"/>
  </concept>
</CodeSystem>