{
  "resourceType" : "Condition",
  "id" : "condition-burnt-ear",
  "meta" : {
    "profile" : ["http://fhir.health.gov.il/StructureDefinition/il-core-condition"]
  },
  "text" : {
    "status" : "generated",
    "div" : "<div xmlns=\"http://www.w3.org/1999/xhtml\"><p><b>Generated Narrative: Condition</b><a name=\"condition-burnt-ear\"> </a></p><div style=\"display: inline-block; background-color: #d9e0e7; padding: 6px; margin: 4px; border: 1px solid #8da1b4; border-radius: 5px; line-height: 60%\"><p style=\"margin-bottom: 0px\">Resource Condition &quot;condition-burnt-ear&quot; </p><p style=\"margin-bottom: 0px\">Profile: <a href=\"StructureDefinition-il-core-condition.html\">ILCore Condition Profile</a></p></div><p><b>clinicalStatus</b>: Active <span style=\"background: LightGoldenRodYellow; margin: 4px; border: 1px solid khaki\"> (<a href=\"http://terminology.hl7.org/5.3.0/CodeSystem-condition-clinical.html\">Condition Clinical Status Codes</a>#active)</span></p><p><b>verificationStatus</b>: Confirmed <span style=\"background: LightGoldenRodYellow; margin: 4px; border: 1px solid khaki\"> (<a href=\"http://terminology.hl7.org/5.3.0/CodeSystem-condition-ver-status.html\">ConditionVerificationStatus</a>#confirmed)</span></p><p><b>category</b>: Encounter Diagnosis <span style=\"background: LightGoldenRodYellow; margin: 4px; border: 1px solid khaki\"> (<a href=\"http://terminology.hl7.org/5.3.0/CodeSystem-condition-category.html\">Condition Category Codes</a>#encounter-diagnosis; <a href=\"https://browser.ihtsdotools.org/\">SNOMED CT</a>#439401001 &quot;Diagnosis&quot;)</span></p><p><b>severity</b>: Severe <span style=\"background: LightGoldenRodYellow; margin: 4px; border: 1px solid khaki\"> (<a href=\"https://browser.ihtsdotools.org/\">SNOMED CT</a>#24484000)</span></p><p><b>code</b>: Burnt Ear <span style=\"background: LightGoldenRodYellow; margin: 4px; border: 1px solid khaki\"> (<a href=\"https://browser.ihtsdotools.org/\">SNOMED CT</a>#39065001 &quot;Burn of ear&quot;)</span></p><p><b>bodySite</b>: Left Ear <span style=\"background: LightGoldenRodYellow; margin: 4px; border: 1px solid khaki\"> (<a href=\"https://browser.ihtsdotools.org/\">SNOMED CT</a>#49521004 &quot;Left external ear structure&quot;)</span></p><p><b>subject</b>: <a href=\"Patient-patient-with-israeli-id.html\">Patient/patient-with-israeli-id</a> &quot; כהן&quot;</p><p><b>onset</b>: 2012-05-24</p></div>"
  },
  "clinicalStatus" : {
    "coding" : [{
      "system" : "http://terminology.hl7.org/CodeSystem/condition-clinical",
      "code" : "active"
    }]
  },
  "verificationStatus" : {
    "coding" : [{
      "system" : "http://terminology.hl7.org/CodeSystem/condition-ver-status",
      "code" : "confirmed"
    }]
  },
  "category" : [{
    "coding" : [{
      "system" : "http://terminology.hl7.org/CodeSystem/condition-category",
      "code" : "encounter-diagnosis",
      "display" : "Encounter Diagnosis"
    },
    {
      "system" : "http://snomed.info/sct",
      "code" : "439401001",
      "display" : "Diagnosis"
    }]
  }],
  "severity" : {
    "coding" : [{
      "system" : "http://snomed.info/sct",
      "code" : "24484000",
      "display" : "Severe"
    }]
  },
  "code" : {
    "coding" : [{
      "system" : "http://snomed.info/sct",
      "code" : "39065001",
      "display" : "Burn of ear"
    }],
    "text" : "Burnt Ear"
  },
  "bodySite" : [{
    "coding" : [{
      "system" : "http://snomed.info/sct",
      "code" : "49521004",
      "display" : "Left external ear structure"
    }],
    "text" : "Left Ear"
  }],
  "subject" : {
    "reference" : "Patient/patient-with-israeli-id"
  },
  "onsetDateTime" : "2012-05-24"
}