<?xml version="1.0" encoding="UTF-8"?><ValueSet xmlns="http://hl7.org/fhir"><id value="hebrew-date-day"/><text><status value="generated"/><div xmlns="http://www.w3.org/1999/xhtml"><ul><li>Include all codes defined in <a href="CodeSystem-hebrew-date-day.html"><code>http://fhir.health.gov.il/cs/hebrew-date-day</code></a></li></ul></div></text><url value="http://fhir.health.gov.il/ValueSet/hebrew-date-day"/><version value="0.13.1"/><name value="HebrewDateDay"/><title value="Hebrew Date Day"/><status value="draft"/><experimental value="false"/><date value="2023-12-04T20:12:04+01:00"/><publisher value="Israel Core Team"/><contact><name value="Israel Core Team"/><telecom><system value="email"/><value value="ido.levin@moh.gov.il"/></telecom></contact><contact><name value="Kippi Bordowitz"/><telecom><system value="email"/><value value="ido.levin@moh.gov.il"/></telecom></contact><description value="Codes for Hebrew date days"/><compose><include><system value="http://fhir.health.gov.il/cs/hebrew-date-day"/></include></compose></ValueSet>