{"resourceType":"CodeSystem","id":"patient-visit-reason-moh","text":{"status":"generated","div":"<div xmlns=\"http://www.w3.org/1999/xhtml\"><p>This case-insensitive code system <code>http://fhir.health.gov.il/cs/patient-visit-reason-moh</code> provides some codes <b>that are example only</b>:</p><table class=\"codes\"><tr><td style=\"white-space:nowrap\"><b>Code</b></td><td><b>Display</b></td></tr><tr><td style=\"white-space:nowrap\">0<a name=\"patient-visit-reason-moh-0\"> </a></td><td>לא רשום</td></tr><tr><td style=\"white-space:nowrap\">1<a name=\"patient-visit-reason-moh-1\"> </a></td><td>עם הפניה רפואית</td></tr><tr><td style=\"white-space:nowrap\">4<a name=\"patient-visit-reason-moh-4\"> </a></td><td>פינוי מד&quot;א</td></tr><tr><td style=\"white-space:nowrap\">5<a name=\"patient-visit-reason-moh-5\"> </a></td><td>סיוע לצוות מד&quot;א</td></tr><tr><td style=\"white-space:nowrap\">10<a name=\"patient-visit-reason-moh-10\"> </a></td><td>מחלה</td></tr><tr><td style=\"white-space:nowrap\">11<a name=\"patient-visit-reason-moh-11\"> </a></td><td>חולה אונקולוגי</td></tr><tr><td style=\"white-space:nowrap\">12<a name=\"patient-visit-reason-moh-12\"> </a></td><td>חולה המופיליה</td></tr><tr><td style=\"white-space:nowrap\">13<a name=\"patient-visit-reason-moh-13\"> </a></td><td>חולה דיאליזה</td></tr><tr><td style=\"white-space:nowrap\">14<a name=\"patient-visit-reason-moh-14\"> </a></td><td>חום עד גיל חודשיים</td></tr><tr><td style=\"white-space:nowrap\">15<a name=\"patient-visit-reason-moh-15\"> </a></td><td>חולה FC (סיסטיק פיברוזיס)</td></tr><tr><td style=\"white-space:nowrap\">16<a name=\"patient-visit-reason-moh-16\"> </a></td><td>חשד לקורונה</td></tr><tr><td style=\"white-space:nowrap\">17<a name=\"patient-visit-reason-moh-17\"> </a></td><td>חיובי לקורונה</td></tr><tr><td style=\"white-space:nowrap\">18<a name=\"patient-visit-reason-moh-18\"> </a></td><td>קורונה מבידוד בית</td></tr><tr><td style=\"white-space:nowrap\">20<a name=\"patient-visit-reason-moh-20\"> </a></td><td>לידה</td></tr><tr><td style=\"white-space:nowrap\">21<a name=\"patient-visit-reason-moh-21\"> </a></td><td>ילוד</td></tr><tr><td style=\"white-space:nowrap\">22<a name=\"patient-visit-reason-moh-22\"> </a></td><td>צירי לידה</td></tr><tr><td style=\"white-space:nowrap\">30<a name=\"patient-visit-reason-moh-30\"> </a></td><td>תאונת דרכים</td></tr><tr><td style=\"white-space:nowrap\">31<a name=\"patient-visit-reason-moh-31\"> </a></td><td>תאונת דרכים חוזר</td></tr><tr><td style=\"white-space:nowrap\">32<a name=\"patient-visit-reason-moh-32\"> </a></td><td>תאונת דרכים-עבודה</td></tr><tr><td style=\"white-space:nowrap\">33<a name=\"patient-visit-reason-moh-33\"> </a></td><td>תאונת דרכים-עבודה חוזר</td></tr><tr><td style=\"white-space:nowrap\">34<a name=\"patient-visit-reason-moh-34\"> </a></td><td>חשד לאירוע מוחי</td></tr><tr><td style=\"white-space:nowrap\">35<a name=\"patient-visit-reason-moh-35\"> </a></td><td>תאונת אופניים חשמליים</td></tr><tr><td style=\"white-space:nowrap\">36<a name=\"patient-visit-reason-moh-36\"> </a></td><td>תאונת קורקינט חשמלי</td></tr><tr><td style=\"white-space:nowrap\">40<a name=\"patient-visit-reason-moh-40\"> </a></td><td>תאונת עבודה</td></tr><tr><td style=\"white-space:nowrap\">41<a name=\"patient-visit-reason-moh-41\"> </a></td><td>תאונת עבודה חוזר</td></tr><tr><td style=\"white-space:nowrap\">42<a name=\"patient-visit-reason-moh-42\"> </a></td><td>חשיפת עובד בריאות</td></tr><tr><td style=\"white-space:nowrap\">43<a name=\"patient-visit-reason-moh-43\"> </a></td><td>כשירות למעצר</td></tr><tr><td style=\"white-space:nowrap\">44<a name=\"patient-visit-reason-moh-44\"> </a></td><td>טיפול בעציר</td></tr><tr><td style=\"white-space:nowrap\">45<a name=\"patient-visit-reason-moh-45\"> </a></td><td>לקיחת דם לרמת אלכוהול</td></tr><tr><td style=\"white-space:nowrap\">46<a name=\"patient-visit-reason-moh-46\"> </a></td><td>סיכון תוקפני</td></tr><tr><td style=\"white-space:nowrap\">47<a name=\"patient-visit-reason-moh-47\"> </a></td><td>חזרה ממוסד רפואי</td></tr><tr><td style=\"white-space:nowrap\">48<a name=\"patient-visit-reason-moh-48\"> </a></td><td>הוראת בית משפט</td></tr><tr><td style=\"white-space:nowrap\">49<a name=\"patient-visit-reason-moh-49\"> </a></td><td>טיפול TCE (נזע חשמלי)</td></tr><tr><td style=\"white-space:nowrap\">50<a name=\"patient-visit-reason-moh-50\"> </a></td><td>פעולת איבה</td></tr><tr><td style=\"white-space:nowrap\">51<a name=\"patient-visit-reason-moh-51\"> </a></td><td>פעולת איבה חוזר</td></tr><tr><td style=\"white-space:nowrap\">52<a name=\"patient-visit-reason-moh-52\"> </a></td><td>פיגוע חבלני</td></tr><tr><td style=\"white-space:nowrap\">53<a name=\"patient-visit-reason-moh-53\"> </a></td><td>פיגוע המוני</td></tr><tr><td style=\"white-space:nowrap\">54<a name=\"patient-visit-reason-moh-54\"> </a></td><td>פיגוע מלחמה</td></tr><tr><td style=\"white-space:nowrap\">55<a name=\"patient-visit-reason-moh-55\"> </a></td><td>פיגוע כימי</td></tr><tr><td style=\"white-space:nowrap\">56<a name=\"patient-visit-reason-moh-56\"> </a></td><td>פיגוע ביולוגי</td></tr><tr><td style=\"white-space:nowrap\">57<a name=\"patient-visit-reason-moh-57\"> </a></td><td>פיגוע קרינה</td></tr><tr><td style=\"white-space:nowrap\">58<a name=\"patient-visit-reason-moh-58\"> </a></td><td>הפרות סדר</td></tr><tr><td style=\"white-space:nowrap\">59<a name=\"patient-visit-reason-moh-59\"> </a></td><td>אסון רב נפגעים</td></tr><tr><td style=\"white-space:nowrap\">60<a name=\"patient-visit-reason-moh-60\"> </a></td><td>פגיעה מכוונת</td></tr><tr><td style=\"white-space:nowrap\">61<a name=\"patient-visit-reason-moh-61\"> </a></td><td>אלימות במשפחה</td></tr><tr><td style=\"white-space:nowrap\">62<a name=\"patient-visit-reason-moh-62\"> </a></td><td>תקיפה מינית</td></tr><tr><td style=\"white-space:nowrap\">63<a name=\"patient-visit-reason-moh-63\"> </a></td><td>תקיפה, קטטה</td></tr><tr><td style=\"white-space:nowrap\">64<a name=\"patient-visit-reason-moh-64\"> </a></td><td>ניסיון התאבדות</td></tr><tr><td style=\"white-space:nowrap\">65<a name=\"patient-visit-reason-moh-65\"> </a></td><td>פצע ירי</td></tr><tr><td style=\"white-space:nowrap\">66<a name=\"patient-visit-reason-moh-66\"> </a></td><td>דקירת סכין</td></tr><tr><td style=\"white-space:nowrap\">67<a name=\"patient-visit-reason-moh-67\"> </a></td><td>סיכון אובדני</td></tr><tr><td style=\"white-space:nowrap\">68<a name=\"patient-visit-reason-moh-68\"> </a></td><td>פגיעה עצמית מכוונת ללא כוונת התאבדות</td></tr><tr><td style=\"white-space:nowrap\">69<a name=\"patient-visit-reason-moh-69\"> </a></td><td>פגיעה מכוונת אחרת</td></tr><tr><td style=\"white-space:nowrap\">70<a name=\"patient-visit-reason-moh-70\"> </a></td><td>פגיעה לא מכוונת</td></tr><tr><td style=\"white-space:nowrap\">71<a name=\"patient-visit-reason-moh-71\"> </a></td><td>הרעלה</td></tr><tr><td style=\"white-space:nowrap\">72<a name=\"patient-visit-reason-moh-72\"> </a></td><td>כוויה</td></tr><tr><td style=\"white-space:nowrap\">73<a name=\"patient-visit-reason-moh-73\"> </a></td><td>נפילה, חבלה, חתך</td></tr><tr><td style=\"white-space:nowrap\">74<a name=\"patient-visit-reason-moh-74\"> </a></td><td>חדירת גוף זר (פרט לעין)</td></tr><tr><td style=\"white-space:nowrap\">75<a name=\"patient-visit-reason-moh-75\"> </a></td><td>מכת חום, חשמל</td></tr><tr><td style=\"white-space:nowrap\">76<a name=\"patient-visit-reason-moh-76\"> </a></td><td>טביעה</td></tr><tr><td style=\"white-space:nowrap\">77<a name=\"patient-visit-reason-moh-77\"> </a></td><td>שריפה</td></tr><tr><td style=\"white-space:nowrap\">78<a name=\"patient-visit-reason-moh-78\"> </a></td><td>שאיפה</td></tr><tr><td style=\"white-space:nowrap\">79<a name=\"patient-visit-reason-moh-79\"> </a></td><td>חבלה אחרת</td></tr><tr><td style=\"white-space:nowrap\">80<a name=\"patient-visit-reason-moh-80\"> </a></td><td>פגיעה אחרת</td></tr><tr><td style=\"white-space:nowrap\">81<a name=\"patient-visit-reason-moh-81\"> </a></td><td>פגיעת בעלי-חיים</td></tr><tr><td style=\"white-space:nowrap\">82<a name=\"patient-visit-reason-moh-82\"> </a></td><td>תאונת ספורט</td></tr><tr><td style=\"white-space:nowrap\">83<a name=\"patient-visit-reason-moh-83\"> </a></td><td>תאונת בית ספר</td></tr><tr><td style=\"white-space:nowrap\">84<a name=\"patient-visit-reason-moh-84\"> </a></td><td>תאונת גן</td></tr><tr><td style=\"white-space:nowrap\">85<a name=\"patient-visit-reason-moh-85\"> </a></td><td>גוף זר בעין</td></tr><tr><td style=\"white-space:nowrap\">86<a name=\"patient-visit-reason-moh-86\"> </a></td><td>שבר, תפירה, פריקה</td></tr><tr><td style=\"white-space:nowrap\">87<a name=\"patient-visit-reason-moh-87\"> </a></td><td>תאונת אופניים</td></tr><tr><td style=\"white-space:nowrap\">89<a name=\"patient-visit-reason-moh-89\"> </a></td><td>תאונה אחרת</td></tr><tr><td style=\"white-space:nowrap\">90<a name=\"patient-visit-reason-moh-90\"> </a></td><td>תלונות נפשיות</td></tr><tr><td style=\"white-space:nowrap\">91<a name=\"patient-visit-reason-moh-91\"> </a></td><td>קביעת מוות</td></tr><tr><td style=\"white-space:nowrap\">92<a name=\"patient-visit-reason-moh-92\"> </a></td><td>החמרה קלינית</td></tr><tr><td style=\"white-space:nowrap\">93<a name=\"patient-visit-reason-moh-93\"> </a></td><td>איזון תרופתי</td></tr><tr><td style=\"white-space:nowrap\">94<a name=\"patient-visit-reason-moh-94\"> </a></td><td>פסיכוסוציאלי</td></tr><tr><td style=\"white-space:nowrap\">96<a name=\"patient-visit-reason-moh-96\"> </a></td><td>הסבה</td></tr><tr><td style=\"white-space:nowrap\">97<a name=\"patient-visit-reason-moh-97\"> </a></td><td>חוות דעת משפטית</td></tr><tr><td style=\"white-space:nowrap\">98<a name=\"patient-visit-reason-moh-98\"> </a></td><td>התקבל מת</td></tr><tr><td style=\"white-space:nowrap\">99<a name=\"patient-visit-reason-moh-99\"> </a></td><td>לא ידוע</td></tr><tr><td style=\"white-space:nowrap\">4A<a name=\"patient-visit-reason-moh-4A\"> </a></td><td>תאונת עבודה-דקירה ממחט</td></tr></table></div>"},"extension":[{"url":"http://hl7.org/fhir/StructureDefinition/codesystem-effectiveDate","valueDate":"2023-08"}],"url":"http://fhir.health.gov.il/cs/patient-visit-reason-moh","version":"0.13.1","name":"PatientVisitReasonMoH","title":"Patient Visit Reason MoH","status":"draft","experimental":false,"date":"2023-12-03T19:02:07+02:00","publisher":"Israel Core Team","contact":[{"name":"Israel Core Team","telecom":[{"system":"email","value":"ido.levin@moh.gov.il"}]},{"name":"Kippi Bordowitz","telecom":[{"system":"email","value":"ido.levin@moh.gov.il"}]}],"description":"Moh Codes for Patient Visit Reason","caseSensitive":false,"content":"example","concept":[{"code":"0","display":"לא רשום"},{"code":"1","display":"עם הפניה רפואית"},{"code":"4","display":"פינוי מד\"א"},{"code":"5","display":"סיוע לצוות מד\"א"},{"code":"10","display":"מחלה"},{"code":"11","display":"חולה אונקולוגי"},{"code":"12","display":"חולה המופיליה"},{"code":"13","display":"חולה דיאליזה"},{"code":"14","display":"חום עד גיל חודשיים"},{"code":"15","display":"חולה FC (סיסטיק פיברוזיס)"},{"code":"16","display":"חשד לקורונה"},{"code":"17","display":"חיובי לקורונה"},{"code":"18","display":"קורונה מבידוד בית"},{"code":"20","display":"לידה"},{"code":"21","display":"ילוד"},{"code":"22","display":"צירי לידה"},{"code":"30","display":"תאונת דרכים"},{"code":"31","display":"תאונת דרכים חוזר"},{"code":"32","display":"תאונת דרכים-עבודה"},{"code":"33","display":"תאונת דרכים-עבודה חוזר"},{"code":"34","display":"חשד לאירוע מוחי"},{"code":"35","display":"תאונת אופניים חשמליים"},{"code":"36","display":"תאונת קורקינט חשמלי"},{"code":"40","display":"תאונת עבודה"},{"code":"41","display":"תאונת עבודה חוזר"},{"code":"42","display":"חשיפת עובד בריאות"},{"code":"43","display":"כשירות למעצר"},{"code":"44","display":"טיפול בעציר"},{"code":"45","display":"לקיחת דם לרמת אלכוהול"},{"code":"46","display":"סיכון תוקפני"},{"code":"47","display":"חזרה ממוסד רפואי"},{"code":"48","display":"הוראת בית משפט"},{"code":"49","display":"טיפול TCE (נזע חשמלי)"},{"code":"50","display":"פעולת איבה"},{"code":"51","display":"פעולת איבה חוזר"},{"code":"52","display":"פיגוע חבלני"},{"code":"53","display":"פיגוע המוני"},{"code":"54","display":"פיגוע מלחמה"},{"code":"55","display":"פיגוע כימי"},{"code":"56","display":"פיגוע ביולוגי"},{"code":"57","display":"פיגוע קרינה"},{"code":"58","display":"הפרות סדר"},{"code":"59","display":"אסון רב נפגעים"},{"code":"60","display":"פגיעה מכוונת"},{"code":"61","display":"אלימות במשפחה"},{"code":"62","display":"תקיפה מינית"},{"code":"63","display":"תקיפה, קטטה"},{"code":"64","display":"ניסיון התאבדות"},{"code":"65","display":"פצע ירי"},{"code":"66","display":"דקירת סכין"},{"code":"67","display":"סיכון אובדני"},{"code":"68","display":"פגיעה עצמית מכוונת ללא כוונת התאבדות"},{"code":"69","display":"פגיעה מכוונת אחרת"},{"code":"70","display":"פגיעה לא מכוונת"},{"code":"71","display":"הרעלה"},{"code":"72","display":"כוויה"},{"code":"73","display":"נפילה, חבלה, חתך"},{"code":"74","display":"חדירת גוף זר (פרט לעין)"},{"code":"75","display":"מכת חום, חשמל"},{"code":"76","display":"טביעה"},{"code":"77","display":"שריפה"},{"code":"78","display":"שאיפה"},{"code":"79","display":"חבלה אחרת"},{"code":"80","display":"פגיעה אחרת"},{"code":"81","display":"פגיעת בעלי-חיים"},{"code":"82","display":"תאונת ספורט"},{"code":"83","display":"תאונת בית ספר"},{"code":"84","display":"תאונת גן"},{"code":"85","display":"גוף זר בעין"},{"code":"86","display":"שבר, תפירה, פריקה"},{"code":"87","display":"תאונת אופניים"},{"code":"89","display":"תאונה אחרת"},{"code":"90","display":"תלונות נפשיות"},{"code":"91","display":"קביעת מוות"},{"code":"92","display":"החמרה קלינית"},{"code":"93","display":"איזון תרופתי"},{"code":"94","display":"פסיכוסוציאלי"},{"code":"96","display":"הסבה"},{"code":"97","display":"חוות דעת משפטית"},{"code":"98","display":"התקבל מת"},{"code":"99","display":"לא ידוע"},{"code":"4A","display":"תאונת עבודה-דקירה ממחט"}]}