{"resourceType":"NamingSystem","id":"practitioner-expertise","text":{"status":"generated","div":"<div xmlns=\"http://www.w3.org/1999/xhtml\"><h3>Summary</h3><table class=\"grid\"><tr><td>Defining URL</td><td>http://fhir.health.gov.il/core/NamingSystem/practitioner-expertise</td></tr><tr><td>Version</td><td>0.13.1</td></tr><tr><td>Name</td><td>Israeli Ministry of Health practitioner expertise</td></tr><tr><td>Status</td><td>active</td></tr><tr><td>Definition</td><td><div><p>Identifies practitioner expertise according to Israeli MoH</p>\n</div></td></tr><tr><td>Publisher</td><td>Israel Core Team</td></tr></table><h3>Identifiers</h3><table class=\"grid\"><tr><td><b>Type</b></td><td><b>Value</b></td><td><b>Preferred</b></td></tr><tr><td>URI</td><td>http://fhir.health.gov.il/identifier/practitioner-expertise</td><td>true</td></tr></table></div>"},"extension":[{"url":"http://hl7.org/fhir/5.0/StructureDefinition/extension-NamingSystem.url","valueUri":"http://fhir.health.gov.il/core/NamingSystem/practitioner-expertise"},{"url":"http://hl7.org/fhir/5.0/StructureDefinition/extension-NamingSystem.version","valueString":"0.13.1"}],"name":"Israeli Ministry of Health practitioner expertise","status":"active","kind":"identifier","date":"2022-12-08","publisher":"Israel Core Team","contact":[{"name":"Israel Core Team","telecom":[{"system":"email","value":"ido.levin@moh.gov.il"}]},{"name":"Kippi Bordowitz","telecom":[{"system":"email","value":"ido.levin@moh.gov.il"}]}],"responsible":"Israeli MoH","type":{"coding":[{"system":"http://terminology.hl7.org/CodeSystem/v2-0203","code":"AC","display":"Accreditation/Certification Identifier"}],"text":"Practitioner expertise accreditation number"},"description":"Identifies practitioner expertise according to Israeli MoH","jurisdiction":[{"coding":[{"system":"urn:iso:std:iso:3166","code":"IL"}]}],"usage":"SHOULD include a sequence number. I.e, \\<expertise-certificate-number\\>","uniqueId":[{"type":"uri","value":"http://fhir.health.gov.il/identifier/practitioner-expertise","preferred":true}]}