{"resourceType":"ValueSet","id":"patient-release-type-moh","text":{"status":"generated","div":"<div xmlns=\"http://www.w3.org/1999/xhtml\"><ul><li>Include all codes defined in <a href=\"CodeSystem-patient-release-type-moh.html\"><code>http://fhir.health.gov.il/cs/patient-release-type-moh</code></a></li></ul></div>"},"url":"http://fhir.health.gov.il/ValueSet/patient-release-type-moh","version":"0.13.1","name":"PatientRealeaseTypeMoH","title":"Patient Realease Type MoH","status":"draft","experimental":false,"date":"2023-12-03T19:02:07+02:00","publisher":"Israel Core Team","contact":[{"name":"Israel Core Team","telecom":[{"system":"email","value":"ido.levin@moh.gov.il"}]},{"name":"Kippi Bordowitz","telecom":[{"system":"email","value":"ido.levin@moh.gov.il"}]}],"description":"Moh Codes for Patient Realease Type","compose":{"include":[{"system":"http://fhir.health.gov.il/cs/patient-release-type-moh"}]}}