{"resourceType":"ValueSet","id":"il-core-coverage-type","text":{"status":"generated","div":"<div xmlns=\"http://www.w3.org/1999/xhtml\"><p>This value set includes codes based on the following rules:</p><ul><li>Include all codes defined in <code>http://hl7.org/fhir/ValueSet/coverage-type</code></li><li>Include all codes defined in <a href=\"CodeSystem-il-core-coverage-type.html\"><code>http://fhir.health.gov.il/cs/il-core-coverage-type</code></a></li></ul></div>"},"url":"http://fhir.health.gov.il/ValueSet/il-core-coverage-type","version":"0.13.1","name":"ILCoreCoverageType","title":"IL Core Coverage Type codes","status":"draft","experimental":false,"date":"2023-12-03T19:02:07+02:00","publisher":"Israel Core Team","contact":[{"name":"Israel Core Team","telecom":[{"system":"email","value":"ido.levin@moh.gov.il"}]},{"name":"Kippi Bordowitz","telecom":[{"system":"email","value":"ido.levin@moh.gov.il"}]}],"description":"Codes for expressing general heigh level coverage types unique to Israel health system","compose":{"include":[{"system":"http://hl7.org/fhir/ValueSet/coverage-type"},{"system":"http://fhir.health.gov.il/cs/il-core-coverage-type"}]}}