{"resourceType":"ValueSet","id":"il-core-observation-code","text":{"status":"generated","div":"<div xmlns=\"http://www.w3.org/1999/xhtml\"><p>This value set includes codes based on the following rules:</p><ul><li>Include all codes defined in <a href=\"http://loinc.org\"><code>http://loinc.org</code></a></li><li>Include codes from <a href=\"http://www.snomed.org/\"><code>http://snomed.info/sct</code></a> where concept  is-a  363787002 (Observable entity)</li><li>Include codes from <a href=\"http://www.snomed.org/\"><code>http://snomed.info/sct</code></a> where concept  is-a  386053000 (Investigations)</li><li>Include codes from <a href=\"http://www.snomed.org/\"><code>http://snomed.info/sct</code></a> where concept  is-a  404684003 (Clinical finding (finding))</li><li>Include codes from <a href=\"http://www.snomed.org/\"><code>http://snomed.info/sct</code></a> where concept  is-a  413350009 (Context-dependent finding)</li><li>Include codes from <a href=\"http://www.snomed.org/\"><code>http://snomed.info/sct</code></a> where concept  is-a  272379006 (Events)</li></ul></div>"},"url":"http://fhir.health.gov.il/ValueSet/il-core-observation-code","version":"0.13.1","name":"ILCoreObservationCode","title":"IL Core Observation Codes","status":"draft","experimental":false,"date":"2023-12-03T19:02:07+02:00","publisher":"Israel Core Team","contact":[{"name":"Israel Core Team","telecom":[{"system":"email","value":"ido.levin@moh.gov.il"}]},{"name":"Kippi Bordowitz","telecom":[{"system":"email","value":"ido.levin@moh.gov.il"}]}],"description":"A list of code codes for observations for the IL Core","compose":{"include":[{"system":"http://loinc.org"},{"system":"http://snomed.info/sct","filter":[{"property":"concept","op":"is-a","value":"363787002"}]},{"system":"http://snomed.info/sct","filter":[{"property":"concept","op":"is-a","value":"386053000"}]},{"system":"http://snomed.info/sct","filter":[{"property":"concept","op":"is-a","value":"404684003"}]},{"system":"http://snomed.info/sct","filter":[{"property":"concept","op":"is-a","value":"413350009"}]},{"system":"http://snomed.info/sct","filter":[{"property":"concept","op":"is-a","value":"272379006"}]}]}}