{
  "resourceType" : "ValueSet",
  "id" : "il-core-coverage-class",
  "text" : {
    "status" : "generated",
    "div" : "<div xmlns=\"http://www.w3.org/1999/xhtml\"><ul><li>Include all codes defined in <a href=\"CodeSystem-il-core-coverage-class.html\"><code>http://fhir.health.gov.il/cs/il-core-coverage-class</code></a></li></ul></div>"
  },
  "url" : "http://fhir.health.gov.il/ValueSet/il-core-coverage-class",
  "version" : "0.13.1",
  "name" : "ILCoreCoverageClass",
  "title" : "IL Core Coverage Class codes",
  "status" : "draft",
  "experimental" : false,
  "date" : "2023-12-04T20:12:04+01:00",
  "publisher" : "Israel Core Team",
  "contact" : [{
    "name" : "Israel Core Team",
    "telecom" : [{
      "system" : "email",
      "value" : "ido.levin@moh.gov.il"
    }]
  },
  {
    "name" : "Kippi Bordowitz",
    "telecom" : [{
      "system" : "email",
      "value" : "ido.levin@moh.gov.il"
    }]
  }],
  "description" : "Codes for Coverage classes",
  "compose" : {
    "include" : [{
      "system" : "http://fhir.health.gov.il/cs/il-core-coverage-class"
    }]
  }
}