{"resourceType":"CodeSystem","id":"icd9il","text":{"status":"generated","div":"<div xmlns=\"http://www.w3.org/1999/xhtml\"><p><b>Properties</b></p><p><b>This code system  defines the following properties for its concepts</b></p><table class=\"grid\"><tr><td><b>Code</b></td><td><b>Type</b></td></tr><tr><td>type</td><td>string</td></tr></table><p><b>Concepts</b></p><p>This case-insensitive code system <code>http://fhir.health.gov.il/cs/icd9il</code> defines the following codes:</p><table class=\"codes\"><tr><td style=\"white-space:nowrap\"><b>Code</b></td><td><b>Display</b></td><td><b>type</b></td></tr><tr><td style=\"white-space:nowrap\">00.97<a name=\"icd9il-00.4697\"> </a></td><td>INTRAVENOUS INFUSION OF MONOCLONAL ANTIBODIES (IGG1) FOR CORONAVIRUS (COVID-19) PATIENT</td><td>procedure</td></tr><tr><td style=\"white-space:nowrap\">079.84<a name=\"icd9il-079.4684\"> </a></td><td>CORONAVIRUS (COVID-19) INFECTION</td><td>diagnosis</td></tr><tr><td style=\"white-space:nowrap\">079.85<a name=\"icd9il-079.4685\"> </a></td><td>CORONAVIRUS (COVID-19) INFECTION AFTER RECEIVING ONE VACCINE DOSE</td><td>diagnosis</td></tr><tr><td style=\"white-space:nowrap\">079.86<a name=\"icd9il-079.4686\"> </a></td><td>CORONAVIRUS (COVID-19) INFECTION AFTER RECEIVING TWO VACCINE DOSES</td><td>diagnosis</td></tr><tr><td style=\"white-space:nowrap\">079.87<a name=\"icd9il-079.4687\"> </a></td><td>CORONAVIRUS (COVID-19) RECURRENT INFECTION AFTER PREVIOUS EPISODE</td><td>diagnosis</td></tr><tr><td style=\"white-space:nowrap\">079.90<a name=\"icd9il-079.4690\"> </a></td><td>CORONAVIRUS (COVID-19) INFECTION AFTER RECEIVING THREE VACCINE DOSES</td><td>diagnosis</td></tr><tr><td style=\"white-space:nowrap\">079.91<a name=\"icd9il-079.4691\"> </a></td><td>CORONAVIRUS (COVID-19) INFECTION AFTER RECEIVING FOUR VACCINE DOSES</td><td>diagnosis</td></tr><tr><td style=\"white-space:nowrap\">139.2<a name=\"icd9il-139.462\"> </a></td><td>LATE EFFECTS OF CORONAVIRUS (COVID-19) INFECTION</td><td>diagnosis</td></tr><tr><td style=\"white-space:nowrap\">250.76<a name=\"icd9il-250.4676\"> </a></td><td>DIABETIC FOOT GANGRENE, ACTIVE</td><td>diagnosis</td></tr><tr><td style=\"white-space:nowrap\">250.86<a name=\"icd9il-250.4686\"> </a></td><td>DIABETIC FOOT ULCER, ACTIVE</td><td>diagnosis</td></tr><tr><td style=\"white-space:nowrap\">539.02<a name=\"icd9il-539.4602\"> </a></td><td>PORT LEAK OF GASTRIC BAND PROCEDURE</td><td>diagnosis</td></tr><tr><td style=\"white-space:nowrap\">539.03<a name=\"icd9il-539.4603\"> </a></td><td>PORT DISPLACEMENT OF GASTRIC BAND PROCEDURE</td><td>diagnosis</td></tr><tr><td style=\"white-space:nowrap\">539.04<a name=\"icd9il-539.4604\"> </a></td><td>MINOR PORT INFECTION OF GASTRIC BAND PROCEDURE</td><td>diagnosis</td></tr><tr><td style=\"white-space:nowrap\">539.05<a name=\"icd9il-539.4605\"> </a></td><td>STOMACH OBSTRUCTION BY BAND SLIPPAGE</td><td>diagnosis</td></tr><tr><td style=\"white-space:nowrap\">539.06<a name=\"icd9il-539.4606\"> </a></td><td>BAND EROSION</td><td>diagnosis</td></tr><tr><td style=\"white-space:nowrap\">539.07<a name=\"icd9il-539.4607\"> </a></td><td>LATE PORT OR BAND EROSION</td><td>diagnosis</td></tr><tr><td style=\"white-space:nowrap\">539.08<a name=\"icd9il-539.4608\"> </a></td><td>ESOPHAGEAL DILATATION, ESOPHAGITIS DUE TO GASTRIC BAND</td><td>diagnosis</td></tr><tr><td style=\"white-space:nowrap\">539.82<a name=\"icd9il-539.4682\"> </a></td><td>LEAKAGE DUE TO OTHER BARIATRIC PROCEDURE</td><td>diagnosis</td></tr><tr><td style=\"white-space:nowrap\">539.83<a name=\"icd9il-539.4683\"> </a></td><td>HEMORRHAGE DUE TO OTHER BARIATRIC PROCEDURE</td><td>diagnosis</td></tr><tr><td style=\"white-space:nowrap\">747.65<a name=\"icd9il-747.4665\"> </a></td><td>UTERINE ARTERIOVENOUS MALFORMATION (AVM)</td><td>diagnosis</td></tr><tr><td style=\"white-space:nowrap\">796.61<a name=\"icd9il-796.4661\"> </a></td><td>NEONATAL OAE SCREEN PASSED</td><td>diagnosis</td></tr><tr><td style=\"white-space:nowrap\">796.62<a name=\"icd9il-796.4662\"> </a></td><td>NEONATAL OAE SCREEN UNILATERAL FAIL</td><td>diagnosis</td></tr><tr><td style=\"white-space:nowrap\">796.63<a name=\"icd9il-796.4663\"> </a></td><td>NEONATAL OAE SCREEN BILATERAL FAIL</td><td>diagnosis</td></tr><tr><td style=\"white-space:nowrap\">796.64<a name=\"icd9il-796.4664\"> </a></td><td>NEONATAL AABR SCREEN PASSED</td><td>diagnosis</td></tr><tr><td style=\"white-space:nowrap\">796.65<a name=\"icd9il-796.4665\"> </a></td><td>NEONATAL AABR SCREEN UNILATERAL FAIL</td><td>diagnosis</td></tr><tr><td style=\"white-space:nowrap\">796.66<a name=\"icd9il-796.4666\"> </a></td><td>NEONATAL AABR SCREEN BILATERAL FAIL</td><td>diagnosis</td></tr><tr><td style=\"white-space:nowrap\">796.67<a name=\"icd9il-796.4667\"> </a></td><td>NEONATAL HEARING SCREEN NOT PERFORMED</td><td>procedure</td></tr><tr><td style=\"white-space:nowrap\">995.25<a name=\"icd9il-995.4625\"> </a></td><td>ADVERSE EFFECT OF COVID-19 VACCINATION</td><td>diagnosis</td></tr><tr><td style=\"white-space:nowrap\">995.95<a name=\"icd9il-995.4695\"> </a></td><td>MULTISYSTEM INFLAMMATORY SYNDROME ASSOCIATED WITH COVID-19</td><td>diagnosis</td></tr><tr><td style=\"white-space:nowrap\">998.84<a name=\"icd9il-998.4684\"> </a></td><td>FAILED OR DIFFICULT INTUBATION</td><td>diagnosis</td></tr><tr><td style=\"white-space:nowrap\">E829.2<a name=\"icd9il-E829.462\"> </a></td><td>POWERED SCOOTER ACCIDENT INJURING PEDESTRIAN</td><td>diagnosis</td></tr><tr><td style=\"white-space:nowrap\">E829.3<a name=\"icd9il-E829.463\"> </a></td><td>POWERED SCOOTER ACCIDENT INJURING RIDER</td><td>diagnosis</td></tr><tr><td style=\"white-space:nowrap\">E949.8<a name=\"icd9il-E949.468\"> </a></td><td>COVID-19 VACCINE CAUSING ADVERSE EFFECTS IN THERAPEUTIC USE</td><td>diagnosis</td></tr><tr><td style=\"white-space:nowrap\">V01.72<a name=\"icd9il-V01.4672\"> </a></td><td>CONTACT WITH OR EXPOSURE TO CONFIRMED CORONAVIRUS (COVID-19)</td><td>diagnosis</td></tr><tr><td style=\"white-space:nowrap\">V02.55<a name=\"icd9il-V02.4655\"> </a></td><td>ASYMPTOMATIC PATIENT TESTED POSITIVE FOR CORONAVIRUS (COVID-19)</td><td>diagnosis</td></tr><tr><td style=\"white-space:nowrap\">V07.00<a name=\"icd9il-V07.4600\"> </a></td><td>NEED FOR ISOLATION</td><td>diagnosis</td></tr><tr><td style=\"white-space:nowrap\">V07.01<a name=\"icd9il-V07.4601\"> </a></td><td>PROPHYLACTIC HOME ISOLATION AFTER CONTACT WITH CORONAVIRUS (COVID-19) PATIENT</td><td>diagnosis</td></tr><tr><td style=\"white-space:nowrap\">V12.05<a name=\"icd9il-V12.4605\"> </a></td><td>CORONAVIRUS (COVID-19) RECOVERED PATIENT - CURRENT EPISODE</td><td>diagnosis</td></tr><tr><td style=\"white-space:nowrap\">V13.82<a name=\"icd9il-V13.4682\"> </a></td><td>HISTORY OF CORONAVIRUS (COVID-19) INFECTION</td><td>diagnosis</td></tr><tr><td style=\"white-space:nowrap\">V13.83<a name=\"icd9il-V13.4683\"> </a></td><td>EVIDENCE OF PREVIOUS CORONAVIRUS (COVID-19) INFECTION BY SEROLOGY</td><td>diagnosis</td></tr><tr><td style=\"white-space:nowrap\">V13.84<a name=\"icd9il-V13.4684\"> </a></td><td>STATUS POST CORONAVIRUS (COVID-19) VACCINE, FIRST DOSE</td><td>diagnosis</td></tr><tr><td style=\"white-space:nowrap\">V13.85<a name=\"icd9il-V13.4685\"> </a></td><td>STATUS POST CORONAVIRUS (COVID-19) VACCINE, SECOND DOSE</td><td>diagnosis</td></tr><tr><td style=\"white-space:nowrap\">V13.86<a name=\"icd9il-V13.4686\"> </a></td><td>STATUS POST CORONAVIRUS (COVID-19) VACCINATION TO RECOVERED PATIENT</td><td>diagnosis</td></tr><tr><td style=\"white-space:nowrap\">V13.87<a name=\"icd9il-V13.4687\"> </a></td><td>STATUS POST CORONAVIRUS (COVID-19) VACCINE, THIRD DOSE</td><td>diagnosis</td></tr><tr><td style=\"white-space:nowrap\">V13.88<a name=\"icd9il-V13.4688\"> </a></td><td>STATUS POST CORONAVIRUS (COVID-19) VACCINE,FOURTH DOSE</td><td>diagnosis</td></tr><tr><td style=\"white-space:nowrap\">V15.90<a name=\"icd9il-V15.4690\"> </a></td><td>UNSPECIFIED PERSONAL HISTORY PRESENTING HAZARDS TO HEALTH</td><td>diagnosis</td></tr><tr><td style=\"white-space:nowrap\">V15.91<a name=\"icd9il-V15.4691\"> </a></td><td>HISTORY OF FAILED OR DIFFICULT INTUBATION</td><td>diagnosis</td></tr><tr><td style=\"white-space:nowrap\">V15.92<a name=\"icd9il-V15.4692\"> </a></td><td>HISTORY OF DIABETIC FOOT ULCER</td><td>diagnosis</td></tr><tr><td style=\"white-space:nowrap\">V58.60<a name=\"icd9il-V58.4660\"> </a></td><td>LONG TERM (CURRENT) CANNABIS USE</td><td>diagnosis</td></tr><tr><td style=\"white-space:nowrap\">V64.20<a name=\"icd9il-V64.4620\"> </a></td><td>SURGICAL OR OTHER PROCEDURE NOT CARRIED OUT BECAUSE OF PATIENT'S DECISION</td><td>diagnosis</td></tr><tr><td style=\"white-space:nowrap\">V64.21<a name=\"icd9il-V64.4621\"> </a></td><td>MEDICAL INTERVENTION NOT CARRIED OUT BECAUSE OF CAREGIVER REFUSAL</td><td>diagnosis</td></tr><tr><td style=\"white-space:nowrap\">V64.50<a name=\"icd9il-V64.4650\"> </a></td><td>CORONAVIRUS (COVID-19) TEST NOT CARRIED OUT</td><td>diagnosis</td></tr><tr><td style=\"white-space:nowrap\">V65.47<a name=\"icd9il-V65.4647\"> </a></td><td>CORONAVIRUS COVID-19 VACCINE COUNSELING</td><td>diagnosis</td></tr><tr><td style=\"white-space:nowrap\">V71.84<a name=\"icd9il-V71.4684\"> </a></td><td>OBSERVATION AND EVALUATION FOR SUSPECTED EXPOSURE TO CORONAVIRUS COVID-19</td><td>diagnosis</td></tr><tr><td style=\"white-space:nowrap\">V71.85<a name=\"icd9il-V71.4685\"> </a></td><td>OBSERVATION AND EVALUATION FOR SUSPECTED ADVERSE EFFECT OF COVID-19 VACCINATION NOT FOUND</td><td>diagnosis</td></tr><tr><td style=\"white-space:nowrap\">V72.64<a name=\"icd9il-V72.4664\"> </a></td><td>CORONAVIRUS (COVID-19) TEST PERFORMED FOR ADMINISTRATIVE PURPOSES</td><td>diagnosis</td></tr><tr><td style=\"white-space:nowrap\">V73.70<a name=\"icd9il-V73.4670\"> </a></td><td>EXAMINATION FOR SUSPECTED CORONAVIRUS (COVID-19)</td><td>diagnosis</td></tr><tr><td style=\"white-space:nowrap\">00.98<a name=\"icd9il-00.4698\"> </a></td><td>SUBCUTANEOUS INJECTION OF MONOCLONAL ANTIBODIES (IGG1) FOR CORONAVIRUS (COVID-19) PATIENT</td><td>procedure</td></tr><tr><td style=\"white-space:nowrap\">11.77<a name=\"icd9il-11.4677\"> </a></td><td>AMNIOTIC MEMBRANE GRAFT</td><td>procedure</td></tr><tr><td style=\"white-space:nowrap\">13.73<a name=\"icd9il-13.4673\"> </a></td><td>INSERTION OF TORIC INTRAOCULAR LENS, UP TO 9 CYLINDER</td><td>procedure</td></tr><tr><td style=\"white-space:nowrap\">13.74<a name=\"icd9il-13.4674\"> </a></td><td>INSERTION OF TORIC INTRAOCULAR LENS, 9 CYLINDER OR OVER</td><td>procedure</td></tr><tr><td style=\"white-space:nowrap\">13.75<a name=\"icd9il-13.4675\"> </a></td><td>INSERTION OF MULTIFOCAL INTRAOCULAR LENS</td><td>procedure</td></tr><tr><td style=\"white-space:nowrap\">13.76<a name=\"icd9il-13.4676\"> </a></td><td>INSERTION OF MULTIFOCAL TORIC INTRAOCULAR LENS</td><td>procedure</td></tr><tr><td style=\"white-space:nowrap\">26.33<a name=\"icd9il-26.4633\"> </a></td><td>PARTIAL PAROTIDECTOMY</td><td>procedure</td></tr><tr><td style=\"white-space:nowrap\">26.34<a name=\"icd9il-26.4634\"> </a></td><td>COMPLETE PAROTIDECTOMY</td><td>procedure</td></tr><tr><td style=\"white-space:nowrap\">36.08<a name=\"icd9il-36.4608\"> </a></td><td>INSERTION OF CORONARY SINUS REDUCER SYSTEM</td><td>procedure</td></tr><tr><td style=\"white-space:nowrap\">43.83<a name=\"icd9il-43.4683\"> </a></td><td>ENDOSCOPIC (OVERSTITCH) SLEEVE GASTROPLASTY</td><td>procedure</td></tr><tr><td style=\"white-space:nowrap\">43.84<a name=\"icd9il-43.4684\"> </a></td><td>TRANSORAL ENDOSCOPIC (OVERSTITCH) REVISION OF GASTRIC ANASTOMOSIS</td><td>procedure</td></tr><tr><td style=\"white-space:nowrap\">44.33<a name=\"icd9il-44.4633\"> </a></td><td>ONE ANASTOMOTIC GASTRIC BYPASS (LAP MINI GASTRIC BYPASS)</td><td>procedure</td></tr><tr><td style=\"white-space:nowrap\">44.34<a name=\"icd9il-44.4634\"> </a></td><td>OPEN ONE ANASTOMOTIC GASTRIC BYPASS (OPEN MINI GASTRIC BYPASS)</td><td>procedure</td></tr><tr><td style=\"white-space:nowrap\">58.7<a name=\"icd9il-58.467\"> </a></td><td>INSERTION OF URETHRAL STENT</td><td>procedure</td></tr><tr><td style=\"white-space:nowrap\">75.10<a name=\"icd9il-75.4610\"> </a></td><td>DIAGNOSTIC AMNIOCENTESIS</td><td>procedure</td></tr><tr><td style=\"white-space:nowrap\">75.11<a name=\"icd9il-75.4611\"> </a></td><td>THERAPEUTIC AMNIOCENTESIS</td><td>procedure</td></tr><tr><td style=\"white-space:nowrap\">75.39<a name=\"icd9il-75.4639\"> </a></td><td>UMBILICAL CORD OCCLUSION FOR FETAL REDUCTION</td><td>procedure</td></tr><tr><td style=\"white-space:nowrap\">96.61<a name=\"icd9il-96.4661\"> </a></td><td>FECAL MICROBIOTA TRANSPLANT (FMT) BY TRANSANAL ENEMA</td><td>procedure</td></tr><tr><td style=\"white-space:nowrap\">96.62<a name=\"icd9il-96.4662\"> </a></td><td>FECAL MICROBIOTA TRANSPLANT (FMT) BY ENTERAL INFUSION OF NUTRITIONAL SUBSTANCES</td><td>procedure</td></tr><tr><td style=\"white-space:nowrap\">96.63<a name=\"icd9il-96.4663\"> </a></td><td>FECAL MICROBIOTA TRANSPLANT (FMT) BY NASO-INTESTINAL TUBE</td><td>procedure</td></tr><tr><td style=\"white-space:nowrap\">96.64<a name=\"icd9il-96.4664\"> </a></td><td>FECAL MICROBIOTA TRANSPLANT (FMT) BY PEG</td><td>procedure</td></tr><tr><td style=\"white-space:nowrap\">96.65<a name=\"icd9il-96.4665\"> </a></td><td>FECAL MICROBIOTA TRANSPLANT (FMT) BY COLONOSCOPY</td><td>procedure</td></tr><tr><td style=\"white-space:nowrap\">96.66<a name=\"icd9il-96.4666\"> </a></td><td>FECAL MICROBIOTA TRANSPLANT (FMT) BY GASTROSCOPY</td><td>procedure</td></tr><tr><td style=\"white-space:nowrap\">96.67<a name=\"icd9il-96.4667\"> </a></td><td>FECAL MICROBIOTA TRANSPLANT (FMT)- PER OS</td><td>procedure</td></tr><tr><td style=\"white-space:nowrap\">99.40<a name=\"icd9il-99.4640\"> </a></td><td>CORONAVIRUS (COVID-19) VACCINATION TO RECOVERED PATIENT</td><td>procedure</td></tr><tr><td style=\"white-space:nowrap\">99.49<a name=\"icd9il-99.4649\"> </a></td><td>CORONAVIRUS COVID-19 VACCINE ADMINISTRATION, FIRST DOSE</td><td>procedure</td></tr><tr><td style=\"white-space:nowrap\">99.50<a name=\"icd9il-99.4650\"> </a></td><td>CORONAVIRUS COVID-19 VACCINE ADMINISTRATION, SECOND DOSE</td><td>procedure</td></tr><tr><td style=\"white-space:nowrap\">99.5A<a name=\"icd9il-99.465A\"> </a></td><td>CORONAVIRUS COVID-19 VACCINE ADMINISTRATION, THIRD DOSE</td><td>procedure</td></tr><tr><td style=\"white-space:nowrap\">99.5B<a name=\"icd9il-99.465B\"> </a></td><td>CORONAVIRUS COVID-19 VACCINE ADMINISTRATION, FOURTH DOSE</td><td>procedure</td></tr></table></div>"},"extension":[{"url":"http://hl7.org/fhir/StructureDefinition/codesystem-effectiveDate","valueDate":"2023-01"}],"url":"http://fhir.health.gov.il/cs/icd9il","version":"0.13.1","name":"ICD9IL","title":"ICD9IL: Adendum to ICD9 according to codes by Israeli MoH","status":"draft","experimental":false,"date":"2023-12-04T20:12:04+01:00","publisher":"Israel Core Team","contact":[{"name":"Israel Core Team","telecom":[{"system":"email","value":"ido.levin@moh.gov.il"}]},{"name":"Kippi Bordowitz","telecom":[{"system":"email","value":"ido.levin@moh.gov.il"}]}],"description":"Strings for procedures and diagnoses, added to ICD9","caseSensitive":false,"content":"complete","count":86,"property":[{"code":"type","type":"string"}],"concept":[{"code":"00.97","display":"INTRAVENOUS INFUSION OF MONOCLONAL ANTIBODIES (IGG1) FOR CORONAVIRUS (COVID-19) PATIENT","property":[{"code":"type","valueString":"procedure"}]},{"code":"079.84","display":"CORONAVIRUS (COVID-19) INFECTION","property":[{"code":"type","valueString":"diagnosis"}]},{"code":"079.85","display":"CORONAVIRUS (COVID-19) INFECTION AFTER RECEIVING ONE VACCINE DOSE","property":[{"code":"type","valueString":"diagnosis"}]},{"code":"079.86","display":"CORONAVIRUS (COVID-19) INFECTION AFTER RECEIVING TWO VACCINE DOSES","property":[{"code":"type","valueString":"diagnosis"}]},{"code":"079.87","display":"CORONAVIRUS (COVID-19) RECURRENT INFECTION AFTER PREVIOUS EPISODE","property":[{"code":"type","valueString":"diagnosis"}]},{"code":"079.90","display":"CORONAVIRUS (COVID-19) INFECTION AFTER RECEIVING THREE VACCINE DOSES","property":[{"code":"type","valueString":"diagnosis"}]},{"code":"079.91","display":"CORONAVIRUS (COVID-19) INFECTION AFTER RECEIVING FOUR VACCINE DOSES","property":[{"code":"type","valueString":"diagnosis"}]},{"code":"139.2","display":"LATE EFFECTS OF CORONAVIRUS (COVID-19) INFECTION","property":[{"code":"type","valueString":"diagnosis"}]},{"code":"250.76","display":"DIABETIC FOOT GANGRENE, ACTIVE","property":[{"code":"type","valueString":"diagnosis"}]},{"code":"250.86","display":"DIABETIC FOOT ULCER, ACTIVE","property":[{"code":"type","valueString":"diagnosis"}]},{"code":"539.02","display":"PORT LEAK OF GASTRIC BAND PROCEDURE","property":[{"code":"type","valueString":"diagnosis"}]},{"code":"539.03","display":"PORT DISPLACEMENT OF GASTRIC BAND PROCEDURE","property":[{"code":"type","valueString":"diagnosis"}]},{"code":"539.04","display":"MINOR PORT INFECTION OF GASTRIC BAND PROCEDURE","property":[{"code":"type","valueString":"diagnosis"}]},{"code":"539.05","display":"STOMACH OBSTRUCTION BY BAND SLIPPAGE","property":[{"code":"type","valueString":"diagnosis"}]},{"code":"539.06","display":"BAND EROSION","property":[{"code":"type","valueString":"diagnosis"}]},{"code":"539.07","display":"LATE PORT OR BAND EROSION","property":[{"code":"type","valueString":"diagnosis"}]},{"code":"539.08","display":"ESOPHAGEAL DILATATION, ESOPHAGITIS DUE TO GASTRIC BAND","property":[{"code":"type","valueString":"diagnosis"}]},{"code":"539.82","display":"LEAKAGE DUE TO OTHER BARIATRIC PROCEDURE","property":[{"code":"type","valueString":"diagnosis"}]},{"code":"539.83","display":"HEMORRHAGE DUE TO OTHER BARIATRIC PROCEDURE","property":[{"code":"type","valueString":"diagnosis"}]},{"code":"747.65","display":"UTERINE ARTERIOVENOUS MALFORMATION (AVM)","property":[{"code":"type","valueString":"diagnosis"}]},{"code":"796.61","display":"NEONATAL OAE SCREEN PASSED","property":[{"code":"type","valueString":"diagnosis"}]},{"code":"796.62","display":"NEONATAL OAE SCREEN UNILATERAL FAIL","property":[{"code":"type","valueString":"diagnosis"}]},{"code":"796.63","display":"NEONATAL OAE SCREEN BILATERAL FAIL","property":[{"code":"type","valueString":"diagnosis"}]},{"code":"796.64","display":"NEONATAL AABR SCREEN PASSED","property":[{"code":"type","valueString":"diagnosis"}]},{"code":"796.65","display":"NEONATAL AABR SCREEN UNILATERAL FAIL","property":[{"code":"type","valueString":"diagnosis"}]},{"code":"796.66","display":"NEONATAL AABR SCREEN BILATERAL FAIL","property":[{"code":"type","valueString":"diagnosis"}]},{"code":"796.67","display":"NEONATAL HEARING SCREEN NOT PERFORMED","property":[{"code":"type","valueString":"procedure"}]},{"code":"995.25","display":"ADVERSE EFFECT OF COVID-19 VACCINATION","property":[{"code":"type","valueString":"diagnosis"}]},{"code":"995.95","display":"MULTISYSTEM INFLAMMATORY SYNDROME ASSOCIATED WITH COVID-19","property":[{"code":"type","valueString":"diagnosis"}]},{"code":"998.84","display":"FAILED OR DIFFICULT INTUBATION","property":[{"code":"type","valueString":"diagnosis"}]},{"code":"E829.2","display":"POWERED SCOOTER ACCIDENT INJURING PEDESTRIAN","property":[{"code":"type","valueString":"diagnosis"}]},{"code":"E829.3","display":"POWERED SCOOTER ACCIDENT INJURING RIDER","property":[{"code":"type","valueString":"diagnosis"}]},{"code":"E949.8","display":"COVID-19 VACCINE CAUSING ADVERSE EFFECTS IN THERAPEUTIC USE","property":[{"code":"type","valueString":"diagnosis"}]},{"code":"V01.72","display":"CONTACT WITH OR EXPOSURE TO CONFIRMED CORONAVIRUS (COVID-19)","property":[{"code":"type","valueString":"diagnosis"}]},{"code":"V02.55","display":"ASYMPTOMATIC PATIENT TESTED POSITIVE FOR CORONAVIRUS (COVID-19)","property":[{"code":"type","valueString":"diagnosis"}]},{"code":"V07.00","display":"NEED FOR ISOLATION","property":[{"code":"type","valueString":"diagnosis"}]},{"code":"V07.01","display":"PROPHYLACTIC HOME ISOLATION AFTER CONTACT WITH CORONAVIRUS (COVID-19) PATIENT","property":[{"code":"type","valueString":"diagnosis"}]},{"code":"V12.05","display":"CORONAVIRUS (COVID-19) RECOVERED PATIENT - CURRENT EPISODE","property":[{"code":"type","valueString":"diagnosis"}]},{"code":"V13.82","display":"HISTORY OF CORONAVIRUS (COVID-19) INFECTION","property":[{"code":"type","valueString":"diagnosis"}]},{"code":"V13.83","display":"EVIDENCE OF PREVIOUS CORONAVIRUS (COVID-19) INFECTION BY SEROLOGY","property":[{"code":"type","valueString":"diagnosis"}]},{"code":"V13.84","display":"STATUS POST CORONAVIRUS (COVID-19) VACCINE, FIRST DOSE","property":[{"code":"type","valueString":"diagnosis"}]},{"code":"V13.85","display":"STATUS POST CORONAVIRUS (COVID-19) VACCINE, SECOND DOSE","property":[{"code":"type","valueString":"diagnosis"}]},{"code":"V13.86","display":"STATUS POST CORONAVIRUS (COVID-19) VACCINATION TO RECOVERED PATIENT","property":[{"code":"type","valueString":"diagnosis"}]},{"code":"V13.87","display":"STATUS POST CORONAVIRUS (COVID-19) VACCINE, THIRD DOSE","property":[{"code":"type","valueString":"diagnosis"}]},{"code":"V13.88","display":"STATUS POST CORONAVIRUS (COVID-19) VACCINE,FOURTH DOSE","property":[{"code":"type","valueString":"diagnosis"}]},{"code":"V15.90","display":"UNSPECIFIED PERSONAL HISTORY PRESENTING HAZARDS TO HEALTH","property":[{"code":"type","valueString":"diagnosis"}]},{"code":"V15.91","display":"HISTORY OF FAILED OR DIFFICULT INTUBATION","property":[{"code":"type","valueString":"diagnosis"}]},{"code":"V15.92","display":"HISTORY OF DIABETIC FOOT ULCER","property":[{"code":"type","valueString":"diagnosis"}]},{"code":"V58.60","display":"LONG TERM (CURRENT) CANNABIS USE","property":[{"code":"type","valueString":"diagnosis"}]},{"code":"V64.20","display":"SURGICAL OR OTHER PROCEDURE NOT CARRIED OUT BECAUSE OF PATIENT'S DECISION","property":[{"code":"type","valueString":"diagnosis"}]},{"code":"V64.21","display":"MEDICAL INTERVENTION NOT CARRIED OUT BECAUSE OF CAREGIVER REFUSAL","property":[{"code":"type","valueString":"diagnosis"}]},{"code":"V64.50","display":"CORONAVIRUS (COVID-19) TEST NOT CARRIED OUT","property":[{"code":"type","valueString":"diagnosis"}]},{"code":"V65.47","display":"CORONAVIRUS COVID-19 VACCINE COUNSELING","property":[{"code":"type","valueString":"diagnosis"}]},{"code":"V71.84","display":"OBSERVATION AND EVALUATION FOR SUSPECTED EXPOSURE TO CORONAVIRUS COVID-19","property":[{"code":"type","valueString":"diagnosis"}]},{"code":"V71.85","display":"OBSERVATION AND EVALUATION FOR SUSPECTED ADVERSE EFFECT OF COVID-19 VACCINATION NOT FOUND","property":[{"code":"type","valueString":"diagnosis"}]},{"code":"V72.64","display":"CORONAVIRUS (COVID-19) TEST PERFORMED FOR ADMINISTRATIVE PURPOSES","property":[{"code":"type","valueString":"diagnosis"}]},{"code":"V73.70","display":"EXAMINATION FOR SUSPECTED CORONAVIRUS (COVID-19)","property":[{"code":"type","valueString":"diagnosis"}]},{"code":"00.98","display":"SUBCUTANEOUS INJECTION OF MONOCLONAL ANTIBODIES (IGG1) FOR CORONAVIRUS (COVID-19) PATIENT","property":[{"code":"type","valueString":"procedure"}]},{"code":"11.77","display":"AMNIOTIC MEMBRANE GRAFT","property":[{"code":"type","valueString":"procedure"}]},{"code":"13.73","display":"INSERTION OF TORIC INTRAOCULAR LENS, UP TO 9 CYLINDER","property":[{"code":"type","valueString":"procedure"}]},{"code":"13.74","display":"INSERTION OF TORIC INTRAOCULAR LENS, 9 CYLINDER OR OVER","property":[{"code":"type","valueString":"procedure"}]},{"code":"13.75","display":"INSERTION OF MULTIFOCAL INTRAOCULAR LENS","property":[{"code":"type","valueString":"procedure"}]},{"code":"13.76","display":"INSERTION OF MULTIFOCAL TORIC INTRAOCULAR LENS","property":[{"code":"type","valueString":"procedure"}]},{"code":"26.33","display":"PARTIAL PAROTIDECTOMY","property":[{"code":"type","valueString":"procedure"}]},{"code":"26.34","display":"COMPLETE PAROTIDECTOMY","property":[{"code":"type","valueString":"procedure"}]},{"code":"36.08","display":"INSERTION OF CORONARY SINUS REDUCER SYSTEM","property":[{"code":"type","valueString":"procedure"}]},{"code":"43.83","display":"ENDOSCOPIC (OVERSTITCH) SLEEVE GASTROPLASTY","property":[{"code":"type","valueString":"procedure"}]},{"code":"43.84","display":"TRANSORAL ENDOSCOPIC (OVERSTITCH) REVISION OF GASTRIC ANASTOMOSIS","property":[{"code":"type","valueString":"procedure"}]},{"code":"44.33","display":"ONE ANASTOMOTIC GASTRIC BYPASS (LAP MINI GASTRIC BYPASS)","property":[{"code":"type","valueString":"procedure"}]},{"code":"44.34","display":"OPEN ONE ANASTOMOTIC GASTRIC BYPASS (OPEN MINI GASTRIC BYPASS)","property":[{"code":"type","valueString":"procedure"}]},{"code":"58.7","display":"INSERTION OF URETHRAL STENT","property":[{"code":"type","valueString":"procedure"}]},{"code":"75.10","display":"DIAGNOSTIC AMNIOCENTESIS","property":[{"code":"type","valueString":"procedure"}]},{"code":"75.11","display":"THERAPEUTIC AMNIOCENTESIS","property":[{"code":"type","valueString":"procedure"}]},{"code":"75.39","display":"UMBILICAL CORD OCCLUSION FOR FETAL REDUCTION","property":[{"code":"type","valueString":"procedure"}]},{"code":"96.61","display":"FECAL MICROBIOTA TRANSPLANT (FMT) BY TRANSANAL ENEMA","property":[{"code":"type","valueString":"procedure"}]},{"code":"96.62","display":"FECAL MICROBIOTA TRANSPLANT (FMT) BY ENTERAL INFUSION OF NUTRITIONAL SUBSTANCES","property":[{"code":"type","valueString":"procedure"}]},{"code":"96.63","display":"FECAL MICROBIOTA TRANSPLANT (FMT) BY NASO-INTESTINAL TUBE","property":[{"code":"type","valueString":"procedure"}]},{"code":"96.64","display":"FECAL MICROBIOTA TRANSPLANT (FMT) BY PEG","property":[{"code":"type","valueString":"procedure"}]},{"code":"96.65","display":"FECAL MICROBIOTA TRANSPLANT (FMT) BY COLONOSCOPY","property":[{"code":"type","valueString":"procedure"}]},{"code":"96.66","display":"FECAL MICROBIOTA TRANSPLANT (FMT) BY GASTROSCOPY","property":[{"code":"type","valueString":"procedure"}]},{"code":"96.67","display":"FECAL MICROBIOTA TRANSPLANT (FMT)- PER OS","property":[{"code":"type","valueString":"procedure"}]},{"code":"99.40","display":"CORONAVIRUS (COVID-19) VACCINATION TO RECOVERED PATIENT","property":[{"code":"type","valueString":"procedure"}]},{"code":"99.49","display":"CORONAVIRUS COVID-19 VACCINE ADMINISTRATION, FIRST DOSE","property":[{"code":"type","valueString":"procedure"}]},{"code":"99.50","display":"CORONAVIRUS COVID-19 VACCINE ADMINISTRATION, SECOND DOSE","property":[{"code":"type","valueString":"procedure"}]},{"code":"99.5A","display":"CORONAVIRUS COVID-19 VACCINE ADMINISTRATION, THIRD DOSE","property":[{"code":"type","valueString":"procedure"}]},{"code":"99.5B","display":"CORONAVIRUS COVID-19 VACCINE ADMINISTRATION, FOURTH DOSE","property":[{"code":"type","valueString":"procedure"}]}]}