{"resourceType":"CodeSystem","id":"practitioner-profession-moh","text":{"status":"extensions","div":"<div xmlns=\"http://www.w3.org/1999/xhtml\"><p>This case-insensitive code system <code>http://fhir.health.gov.il/cs/practitioner-profession-moh</code> defines the following codes:</p><table class=\"codes\"><tr><td style=\"white-space:nowrap\"><b>Code</b></td><td><b>Display</b></td><td><b>Definition</b></td><td><b>Deprecated</b></td></tr><tr style=\"background-color: #ffeeee\"><td style=\"white-space:nowrap\">-888<a name=\"practitioner-profession-moh--888\"> </a></td><td>לא ידוע</td><td>ערך ברירת מחדל במקרה שהמידע שמגיע הוא NULL</td><td>Deprecated</td></tr><tr style=\"background-color: #ffeeee\"><td style=\"white-space:nowrap\">-999<a name=\"practitioner-profession-moh--999\"> </a></td><td>לא קיים</td><td>ערך ברירת מחדל במקרה שערך המקצוע איננו רלוונטי או לא קיים מאחר ולא מדובר במקצוע רפואי</td><td>Deprecated</td></tr><tr><td style=\"white-space:nowrap\">1<a name=\"practitioner-profession-moh-1\"> </a></td><td>רפואה</td><td>מקצוע הרפואה לו קיימים גם ערכי מומחיות Expertise</td><td/></tr><tr><td style=\"white-space:nowrap\">2<a name=\"practitioner-profession-moh-2\"> </a></td><td>רפואת שיניים</td><td>מקצוע רפואת השינייים לו קיימים גם ערכי מומחיות Expertise</td><td/></tr><tr><td style=\"white-space:nowrap\">3<a name=\"practitioner-profession-moh-3\"> </a></td><td>רוקחים</td><td>מקצוע הרוקחות לו קיימים גם ערכי התמחות Specialist (אך לא מומחיות Expertise)</td><td/></tr><tr><td style=\"white-space:nowrap\">4<a name=\"practitioner-profession-moh-4\"> </a></td><td>עוזרי רוקחים</td><td>מקצוע עוזר רוקח ללא מומחיות או התמחות</td><td/></tr><tr><td style=\"white-space:nowrap\">5<a name=\"practitioner-profession-moh-5\"> </a></td><td>מיילדת</td><td>מקצוע המיילדת שייך לתחום הסיעוד ללא מומחיות או התמחות</td><td/></tr><tr><td style=\"white-space:nowrap\">6<a name=\"practitioner-profession-moh-6\"> </a></td><td>שיננית</td><td>מקצוע השיננית שייך לתחום רפואת השניים ללא מומחיות או התמחות</td><td/></tr><tr><td style=\"white-space:nowrap\">7<a name=\"practitioner-profession-moh-7\"> </a></td><td>טכנאי שיניים-מעשי</td><td>מקצוע טכנאי שיניים מעשי שייך לתחום רפואת השיניים (מופרד ממקצוע טכנאי שיניים) וללא מומחיות או התמחות</td><td/></tr><tr><td style=\"white-space:nowrap\">8<a name=\"practitioner-profession-moh-8\"> </a></td><td>אופטומטריה</td><td>מקצוע האופטומטריה ללא מומחיות או התמחות</td><td/></tr><tr><td style=\"white-space:nowrap\">9<a name=\"practitioner-profession-moh-9\"> </a></td><td>אורטופטיסט</td><td>מקצוע האורטופטיסט שייך לתחום הפר&quot;א ללא מומחיות או התמחות</td><td/></tr><tr><td style=\"white-space:nowrap\">10<a name=\"practitioner-profession-moh-10\"> </a></td><td>פיזיותרפיה</td><td>מקצוע הפיזיותרפיה שייך לתחום הפר&quot;א ללא מומחיות או התמחות</td><td/></tr><tr><td style=\"white-space:nowrap\">11<a name=\"practitioner-profession-moh-11\"> </a></td><td>דיאטן תזונאי</td><td>מקצוע הדיאטן תזונאי שייך לתחום הפר&quot;א ללא מומחיות או התמחות</td><td/></tr><tr><td style=\"white-space:nowrap\">12<a name=\"practitioner-profession-moh-12\"> </a></td><td>כירופרקטיקה</td><td>מקצוע הכירופרקטיקה שייך לתחום הפר&quot;א וללא מומחיות או התמחות</td><td/></tr><tr><td style=\"white-space:nowrap\">13<a name=\"practitioner-profession-moh-13\"> </a></td><td>קלינאי-תיקשורת</td><td>מקצוע הקלינאי-תיקשורת שייך לתחום הפר&quot;א לו קיימים גם ערכי התמחות Specialist</td><td/></tr><tr><td style=\"white-space:nowrap\">14<a name=\"practitioner-profession-moh-14\"> </a></td><td>מרפא בעיסוק</td><td>מקצוע מרפא בעיסוק שייך לתחום הפר&quot;א ללא מומחיות או התמחות</td><td/></tr><tr><td style=\"white-space:nowrap\">15<a name=\"practitioner-profession-moh-15\"> </a></td><td>ריפוי ביצירה והבעה</td><td>מקצוע הריפוי ביצירה והבעה שייך לתחום הפר&quot;א ללא מומחיות או התמחות</td><td/></tr><tr><td style=\"white-space:nowrap\">16<a name=\"practitioner-profession-moh-16\"> </a></td><td>טכנאי-הנשמה (רספירטורי טרפיסט)</td><td>מקצוע הטכנאי-הנשמה (רספירטורי טרפיסט) ללא מומחיות או התמחות</td><td/></tr><tr><td style=\"white-space:nowrap\">17<a name=\"practitioner-profession-moh-17\"> </a></td><td>עובד מעבדה רפואית</td><td>מקצוע עובד מעבדה רפואית לו קיימים ערכי התמחות Specialist</td><td/></tr><tr><td style=\"white-space:nowrap\">18<a name=\"practitioner-profession-moh-18\"> </a></td><td>טכנולוגים אלקטרו פיסיולוגים</td><td>מקצוע הטכנולוגים אלקטרו פיסיולוגים ללא מומחיות או התמחות</td><td/></tr><tr><td style=\"white-space:nowrap\">19<a name=\"practitioner-profession-moh-19\"> </a></td><td>רנטגנאים</td><td>מקצוע הרנטגנאים ללא מומחיות או התמחות</td><td/></tr><tr><td style=\"white-space:nowrap\">20<a name=\"practitioner-profession-moh-20\"> </a></td><td>טכנולוגים ברפואה גרעינית</td><td>מקצוע הטכנולוגים ברפואה גרעינית ללא מומחיות או התמחות</td><td/></tr><tr><td style=\"white-space:nowrap\">21<a name=\"practitioner-profession-moh-21\"> </a></td><td>טכנאי אולטרה-סאונד</td><td>מקצוע הטכנולוגים ברפואה גרעינית ללא מומחיות או התמחות</td><td/></tr><tr><td style=\"white-space:nowrap\">22<a name=\"practitioner-profession-moh-22\"> </a></td><td>אורטוטיסטים - פרוטוטיסטים</td><td>מקצוע האורטוטיסטים - פרוטוטיסטים ללא מומחיות או התמחות</td><td/></tr><tr><td style=\"white-space:nowrap\">23<a name=\"practitioner-profession-moh-23\"> </a></td><td>כירופודיסטים</td><td>מקצוע הכירופודיסטים שייך לתחום הפר&quot;א ללא מומחיות או התמחות</td><td/></tr><tr><td style=\"white-space:nowrap\">24<a name=\"practitioner-profession-moh-24\"> </a></td><td>פודיאטריסטים</td><td>מקצוע הפודיאטריסטים שייך לתחום הפר&quot;א ללא מומחיות או התמחות</td><td/></tr><tr><td style=\"white-space:nowrap\">25<a name=\"practitioner-profession-moh-25\"> </a></td><td>סייעת</td><td>מקצוע הסייעת שייך לתחום השיניים ללא מומחיות או התמחות</td><td/></tr><tr><td style=\"white-space:nowrap\">26<a name=\"practitioner-profession-moh-26\"> </a></td><td>אקופונקטורה</td><td>מקצוע האקופונקטורה שייך לתחום הפר&quot;א ללא מומחיות או התמחות</td><td/></tr><tr><td style=\"white-space:nowrap\">27<a name=\"practitioner-profession-moh-27\"> </a></td><td>פסיכולוג</td><td>מקצוע הפסיכולוג שייך לתחום בריאות הנפש לו קיימים ערכי מומחיות Expertise וכמו כן ערכי התמחות Specialist</td><td/></tr><tr><td style=\"white-space:nowrap\">29<a name=\"practitioner-profession-moh-29\"> </a></td><td>קרימינולוגיה קלינית</td><td>מקצוע הקרימינולוגיה קלינית שייך לתחום בריאות הנפש ללא מומחיות או התמחות</td><td/></tr><tr><td style=\"white-space:nowrap\">30<a name=\"practitioner-profession-moh-30\"> </a></td><td>גנטיקה קלינית- יעוץ גנטי</td><td>מקצוע הגנטיקה קלינית- יעוץ גנטי לו קיימים ערכי מומחיות Expertise</td><td/></tr><tr><td style=\"white-space:nowrap\">31<a name=\"practitioner-profession-moh-31\"> </a></td><td>עובד מעבדה רפואית בכיר</td><td>מקצוע העובד מעבדה רפואית בכיר מופרד מעובד מעבדה אחר לו קיימים ערכי התמחות Specialist</td><td/></tr><tr><td style=\"white-space:nowrap\">32<a name=\"practitioner-profession-moh-32\"> </a></td><td>מרפא שיניים</td><td>מקצוע מרפא שיניים שייך לתחום רפואת השיניים ללא מומחיות או התמחות</td><td/></tr><tr><td style=\"white-space:nowrap\">33<a name=\"practitioner-profession-moh-33\"> </a></td><td>עובד מעבדה רפואי אקדמאי</td><td>מקצוע העובד מעבדה רפואי אקדמאי (מופרד מעובד מעבדה אחר) ולו קיימים התמחות Specialist</td><td/></tr><tr><td style=\"white-space:nowrap\">34<a name=\"practitioner-profession-moh-34\"> </a></td><td>פיזיותרפיסט אקדמאי</td><td>מקצוע הפיזיותרפיסט אקדמאי שייך לתחום הפר&quot;א (מופרד מפיזיותרפיה) ללא מומחיות או התמחות</td><td/></tr><tr><td style=\"white-space:nowrap\">35<a name=\"practitioner-profession-moh-35\"> </a></td><td>מפעיל מכונות לב ריאה</td><td>מקצוע המפעיל מכונות לב ריאה ללא מומחיות או התמחות</td><td/></tr><tr><td style=\"white-space:nowrap\">36<a name=\"practitioner-profession-moh-36\"> </a></td><td>פרוסטטיקה אורטוטיקה והנעלה</td><td>מקצוע פרוסטטיקה אורטוטיקה והנעלה ללא מומחיות או התמחות</td><td/></tr><tr><td style=\"white-space:nowrap\">37<a name=\"practitioner-profession-moh-37\"> </a></td><td>אוסטאופתיה</td><td>מקצוע האוסטאופתיה שייך לתחום הפר&quot;א ללא מומחיות או התמחות</td><td/></tr><tr><td style=\"white-space:nowrap\">38<a name=\"practitioner-profession-moh-38\"> </a></td><td>טכנאי שיניים-מוסמך</td><td>מקצוע הטכנאי שיניים-מוסמך שייך לתחום רפאת השיניים (מופרד מטכנאי שיניים אחר) ללא מומחיות או התמחות</td><td/></tr><tr><td style=\"white-space:nowrap\">39<a name=\"practitioner-profession-moh-39\"> </a></td><td>טכנאי שיניים-אומן</td><td>מקצוע טכנאי שיניים-אומן שייך לתחום רפאת השיניים (מופרד מטכנאי שיניים אחר) ללא מומחיות או התמחות</td><td/></tr><tr><td style=\"white-space:nowrap\">40<a name=\"practitioner-profession-moh-40\"> </a></td><td>טכנאי שיניים-מומחה</td><td>מקצוע טכנאי שיניים-מומחה שייך לתחום רפאת השיניים (מופרד מטכנאי שיניים אחר) ללא מומחיות או התמחות</td><td/></tr><tr><td style=\"white-space:nowrap\">41<a name=\"practitioner-profession-moh-41\"> </a></td><td>עוזרי רופאים</td><td>מקצוע עוזרי רופאים ללא מומחיות או התמחות</td><td/></tr><tr><td style=\"white-space:nowrap\">42<a name=\"practitioner-profession-moh-42\"> </a></td><td>סוכן תיירות מרפא</td><td/><td/></tr><tr><td style=\"white-space:nowrap\">43<a name=\"practitioner-profession-moh-43\"> </a></td><td>פודיאטר מנתח</td><td/><td/></tr><tr><td style=\"white-space:nowrap\">44<a name=\"practitioner-profession-moh-44\"> </a></td><td>חברת תיירות מרפא</td><td/><td/></tr><tr><td style=\"white-space:nowrap\">45<a name=\"practitioner-profession-moh-45\"> </a></td><td>עבודה סוציאלית</td><td/><td/></tr><tr><td style=\"white-space:nowrap\">97<a name=\"practitioner-profession-moh-97\"> </a></td><td>אחר</td><td>אחר</td><td/></tr><tr><td style=\"white-space:nowrap\">101<a name=\"practitioner-profession-moh-101\"> </a></td><td>אח/ות מוסמכ/ת</td><td>מקצוע האח/ות מוסמכ/ת שייך לתחום הסיעוד לו קיימים ערכי מומחיות Expertise</td><td/></tr><tr><td style=\"white-space:nowrap\">102<a name=\"practitioner-profession-moh-102\"> </a></td><td>אח/ות מעשי/ת</td><td>מקצוע האח/ות מעשי/ת שייך לתחום הסיעוד ללא מומחיות או התמחות</td><td/></tr><tr><td style=\"white-space:nowrap\">103<a name=\"practitioner-profession-moh-103\"> </a></td><td>אח/ות</td><td>מקצוע אח/ות שייך לתחום הסיעוד ללא מומחיות או התמחות</td><td/></tr><tr><td style=\"white-space:nowrap\">109<a name=\"practitioner-profession-moh-109\"> </a></td><td>מעשי היתר זמני</td><td>מקצוע האח/ות מעשי./- היתר זמני שייך לתחום הסיעוד ללא מומחיות או התמחות ומהווה רישוי זמני בלבד של אח/ות מעשי/ת</td><td/></tr><tr><td style=\"white-space:nowrap\">110<a name=\"practitioner-profession-moh-110\"> </a></td><td>כח עזר</td><td>מקצוע הכח עזר ללא מומחיות או התמחות</td><td/></tr><tr><td style=\"white-space:nowrap\">115<a name=\"practitioner-profession-moh-115\"> </a></td><td>טכנאי ח. ניתוח</td><td>מקצוע הטכנאי חדר ניתוח ללא מומחיות או התמחות</td><td/></tr><tr><td style=\"white-space:nowrap\">116<a name=\"practitioner-profession-moh-116\"> </a></td><td>מכשירן חדר ניתוח</td><td>מקצוע המכשירן חדר ניתוח ללא מומחיות או התמחות</td><td/></tr><tr><td style=\"white-space:nowrap\">117<a name=\"practitioner-profession-moh-117\"> </a></td><td>מטפלת</td><td>מקצוע המטפל שייך לתחום הסיעוד ללא מומחיות או התמחות</td><td/></tr><tr><td style=\"white-space:nowrap\">118<a name=\"practitioner-profession-moh-118\"> </a></td><td>טכנאי שיניים</td><td>מקצוע הטכנאי שינייםשייך לתחום רפואת השיניים ללא מומחיות או התמחות</td><td/></tr><tr><td style=\"white-space:nowrap\">133<a name=\"practitioner-profession-moh-133\"> </a></td><td>מעשי מוגבל</td><td>מקצוע מעשי מוגבל שייך לתחום הסיעוד ללא מומחיות או התמחות מהווה רישוי מוגבל של אח/ות מעשי/ת</td><td/></tr></table></div>"},"extension":[{"url":"http://hl7.org/fhir/StructureDefinition/codesystem-effectiveDate","valueDate":"2023-01"}],"url":"http://fhir.health.gov.il/cs/practitioner-profession-moh","version":"0.14.0","name":"PractitionerProfessionMoH","title":"קוד מקצוע לעוסק בבריאות","status":"draft","experimental":false,"date":"2023-12-05T11:06:07+01:00","publisher":"Israel Core Team","contact":[{"name":"Israel Core Team","telecom":[{"system":"email","value":"ido.levin@moh.gov.il"}]},{"name":"Kippi Bordowitz","telecom":[{"system":"email","value":"ido.levin@moh.gov.il"}]}],"description":"קוד מקצוע לעוסק בבריאות לפי רישוי משרד הבריאות","caseSensitive":false,"valueSet":"http://fhir.health.gov.il/ValueSet/practitioner-profession-moh","content":"complete","count":57,"concept":[{"code":"-888","display":"לא ידוע","definition":"ערך ברירת מחדל במקרה שהמידע שמגיע הוא NULL","property":[{"code":"status","valueCode":"deprecated"}]},{"code":"-999","display":"לא קיים","definition":"ערך ברירת מחדל במקרה שערך המקצוע איננו רלוונטי או לא קיים מאחר ולא מדובר במקצוע רפואי","property":[{"code":"status","valueCode":"deprecated"}]},{"code":"1","display":"רפואה","definition":"מקצוע הרפואה לו קיימים גם ערכי מומחיות Expertise","property":[{"code":"status","valueCode":"active"}]},{"code":"2","display":"רפואת שיניים","definition":"מקצוע רפואת השינייים לו קיימים גם ערכי מומחיות Expertise","property":[{"code":"status","valueCode":"active"}]},{"code":"3","display":"רוקחים","definition":"מקצוע הרוקחות לו קיימים גם ערכי התמחות Specialist (אך לא מומחיות Expertise)","property":[{"code":"status","valueCode":"active"}]},{"code":"4","display":"עוזרי רוקחים","definition":"מקצוע עוזר רוקח ללא מומחיות או התמחות","property":[{"code":"status","valueCode":"active"}]},{"code":"5","display":"מיילדת","definition":"מקצוע המיילדת שייך לתחום הסיעוד ללא מומחיות או התמחות","property":[{"code":"status","valueCode":"active"}]},{"code":"6","display":"שיננית","definition":"מקצוע השיננית שייך לתחום רפואת השניים ללא מומחיות או התמחות","property":[{"code":"status","valueCode":"active"}]},{"code":"7","display":"טכנאי שיניים-מעשי","definition":"מקצוע טכנאי שיניים מעשי שייך לתחום רפואת השיניים (מופרד ממקצוע טכנאי שיניים) וללא מומחיות או התמחות","property":[{"code":"status","valueCode":"active"}]},{"code":"8","display":"אופטומטריה","definition":"מקצוע האופטומטריה ללא מומחיות או התמחות","property":[{"code":"status","valueCode":"active"}]},{"code":"9","display":"אורטופטיסט","definition":"מקצוע האורטופטיסט שייך לתחום הפר\"א ללא מומחיות או התמחות","property":[{"code":"status","valueCode":"active"}]},{"code":"10","display":"פיזיותרפיה","definition":"מקצוע הפיזיותרפיה שייך לתחום הפר\"א ללא מומחיות או התמחות","property":[{"code":"status","valueCode":"active"}]},{"code":"11","display":"דיאטן תזונאי","definition":"מקצוע הדיאטן תזונאי שייך לתחום הפר\"א ללא מומחיות או התמחות","property":[{"code":"status","valueCode":"active"}]},{"code":"12","display":"כירופרקטיקה","definition":"מקצוע הכירופרקטיקה שייך לתחום הפר\"א וללא מומחיות או התמחות","property":[{"code":"status","valueCode":"active"}]},{"code":"13","display":"קלינאי-תיקשורת","definition":"מקצוע הקלינאי-תיקשורת שייך לתחום הפר\"א לו קיימים גם ערכי התמחות Specialist","property":[{"code":"status","valueCode":"active"}]},{"code":"14","display":"מרפא בעיסוק","definition":"מקצוע מרפא בעיסוק שייך לתחום הפר\"א ללא מומחיות או התמחות","property":[{"code":"status","valueCode":"active"}]},{"code":"15","display":"ריפוי ביצירה והבעה","definition":"מקצוע הריפוי ביצירה והבעה שייך לתחום הפר\"א ללא מומחיות או התמחות","property":[{"code":"status","valueCode":"active"}]},{"code":"16","display":"טכנאי-הנשמה (רספירטורי טרפיסט)","definition":"מקצוע הטכנאי-הנשמה (רספירטורי טרפיסט) ללא מומחיות או התמחות","property":[{"code":"status","valueCode":"active"}]},{"code":"17","display":"עובד מעבדה רפואית","definition":"מקצוע עובד מעבדה רפואית לו קיימים ערכי התמחות Specialist","property":[{"code":"status","valueCode":"active"}]},{"code":"18","display":"טכנולוגים אלקטרו פיסיולוגים","definition":"מקצוע הטכנולוגים אלקטרו פיסיולוגים ללא מומחיות או התמחות","property":[{"code":"status","valueCode":"active"}]},{"code":"19","display":"רנטגנאים","definition":"מקצוע הרנטגנאים ללא מומחיות או התמחות","property":[{"code":"status","valueCode":"active"}]},{"code":"20","display":"טכנולוגים ברפואה גרעינית","definition":"מקצוע הטכנולוגים ברפואה גרעינית ללא מומחיות או התמחות","property":[{"code":"status","valueCode":"active"}]},{"code":"21","display":"טכנאי אולטרה-סאונד","definition":"מקצוע הטכנולוגים ברפואה גרעינית ללא מומחיות או התמחות","property":[{"code":"status","valueCode":"active"}]},{"code":"22","display":"אורטוטיסטים - פרוטוטיסטים","definition":"מקצוע האורטוטיסטים - פרוטוטיסטים ללא מומחיות או התמחות","property":[{"code":"status","valueCode":"active"}]},{"code":"23","display":"כירופודיסטים","definition":"מקצוע הכירופודיסטים שייך לתחום הפר\"א ללא מומחיות או התמחות","property":[{"code":"status","valueCode":"active"}]},{"code":"24","display":"פודיאטריסטים","definition":"מקצוע הפודיאטריסטים שייך לתחום הפר\"א ללא מומחיות או התמחות","property":[{"code":"status","valueCode":"active"}]},{"code":"25","display":"סייעת","definition":"מקצוע הסייעת שייך לתחום השיניים ללא מומחיות או התמחות","property":[{"code":"status","valueCode":"active"}]},{"code":"26","display":"אקופונקטורה","definition":"מקצוע האקופונקטורה שייך לתחום הפר\"א ללא מומחיות או התמחות","property":[{"code":"status","valueCode":"active"}]},{"code":"27","display":"פסיכולוג","definition":"מקצוע הפסיכולוג שייך לתחום בריאות הנפש לו קיימים ערכי מומחיות Expertise וכמו כן ערכי התמחות Specialist","property":[{"code":"status","valueCode":"active"}]},{"code":"29","display":"קרימינולוגיה קלינית","definition":"מקצוע הקרימינולוגיה קלינית שייך לתחום בריאות הנפש ללא מומחיות או התמחות","property":[{"code":"status","valueCode":"active"}]},{"code":"30","display":"גנטיקה קלינית- יעוץ גנטי","definition":"מקצוע הגנטיקה קלינית- יעוץ גנטי לו קיימים ערכי מומחיות Expertise","property":[{"code":"status","valueCode":"active"}]},{"code":"31","display":"עובד מעבדה רפואית בכיר","definition":"מקצוע העובד מעבדה רפואית בכיר מופרד מעובד מעבדה אחר לו קיימים ערכי התמחות Specialist","property":[{"code":"status","valueCode":"active"}]},{"code":"32","display":"מרפא שיניים","definition":"מקצוע מרפא שיניים שייך לתחום רפואת השיניים ללא מומחיות או התמחות","property":[{"code":"status","valueCode":"active"}]},{"code":"33","display":"עובד מעבדה רפואי אקדמאי","definition":"מקצוע העובד מעבדה רפואי אקדמאי (מופרד מעובד מעבדה אחר) ולו קיימים התמחות Specialist","property":[{"code":"status","valueCode":"active"}]},{"code":"34","display":"פיזיותרפיסט אקדמאי","definition":"מקצוע הפיזיותרפיסט אקדמאי שייך לתחום הפר\"א (מופרד מפיזיותרפיה) ללא מומחיות או התמחות","property":[{"code":"status","valueCode":"active"}]},{"code":"35","display":"מפעיל מכונות לב ריאה","definition":"מקצוע המפעיל מכונות לב ריאה ללא מומחיות או התמחות","property":[{"code":"status","valueCode":"active"}]},{"code":"36","display":"פרוסטטיקה אורטוטיקה והנעלה","definition":"מקצוע פרוסטטיקה אורטוטיקה והנעלה ללא מומחיות או התמחות","property":[{"code":"status","valueCode":"active"}]},{"code":"37","display":"אוסטאופתיה","definition":"מקצוע האוסטאופתיה שייך לתחום הפר\"א ללא מומחיות או התמחות","property":[{"code":"status","valueCode":"active"}]},{"code":"38","display":"טכנאי שיניים-מוסמך","definition":"מקצוע הטכנאי שיניים-מוסמך שייך לתחום רפאת השיניים (מופרד מטכנאי שיניים אחר) ללא מומחיות או התמחות","property":[{"code":"status","valueCode":"active"}]},{"code":"39","display":"טכנאי שיניים-אומן","definition":"מקצוע טכנאי שיניים-אומן שייך לתחום רפאת השיניים (מופרד מטכנאי שיניים אחר) ללא מומחיות או התמחות","property":[{"code":"status","valueCode":"active"}]},{"code":"40","display":"טכנאי שיניים-מומחה","definition":"מקצוע טכנאי שיניים-מומחה שייך לתחום רפאת השיניים (מופרד מטכנאי שיניים אחר) ללא מומחיות או התמחות","property":[{"code":"status","valueCode":"active"}]},{"code":"41","display":"עוזרי רופאים","definition":"מקצוע עוזרי רופאים ללא מומחיות או התמחות","property":[{"code":"status","valueCode":"active"}]},{"code":"42","display":"סוכן תיירות מרפא","property":[{"code":"status","valueCode":"active"}]},{"code":"43","display":"פודיאטר מנתח","property":[{"code":"status","valueCode":"active"}]},{"code":"44","display":"חברת תיירות מרפא","property":[{"code":"status","valueCode":"active"}]},{"code":"45","display":"עבודה סוציאלית","property":[{"code":"status","valueCode":"active"}]},{"code":"97","display":"אחר","definition":"אחר","property":[{"code":"status","valueCode":"active"}]},{"code":"101","display":"אח/ות מוסמכ/ת","definition":"מקצוע האח/ות מוסמכ/ת שייך לתחום הסיעוד לו קיימים ערכי מומחיות Expertise","property":[{"code":"status","valueCode":"active"}]},{"code":"102","display":"אח/ות מעשי/ת","definition":"מקצוע האח/ות מעשי/ת שייך לתחום הסיעוד ללא מומחיות או התמחות","property":[{"code":"status","valueCode":"active"}]},{"code":"103","display":"אח/ות","definition":"מקצוע אח/ות שייך לתחום הסיעוד ללא מומחיות או התמחות","property":[{"code":"status","valueCode":"active"}]},{"code":"109","display":"מעשי היתר זמני","definition":"מקצוע האח/ות מעשי./- היתר זמני שייך לתחום הסיעוד ללא מומחיות או התמחות ומהווה רישוי זמני בלבד של אח/ות מעשי/ת","property":[{"code":"status","valueCode":"active"}]},{"code":"110","display":"כח עזר","definition":"מקצוע הכח עזר ללא מומחיות או התמחות","property":[{"code":"status","valueCode":"active"}]},{"code":"115","display":"טכנאי ח. ניתוח","definition":"מקצוע הטכנאי חדר ניתוח ללא מומחיות או התמחות","property":[{"code":"status","valueCode":"active"}]},{"code":"116","display":"מכשירן חדר ניתוח","definition":"מקצוע המכשירן חדר ניתוח ללא מומחיות או התמחות","property":[{"code":"status","valueCode":"active"}]},{"code":"117","display":"מטפלת","definition":"מקצוע המטפל שייך לתחום הסיעוד ללא מומחיות או התמחות","property":[{"code":"status","valueCode":"active"}]},{"code":"118","display":"טכנאי שיניים","definition":"מקצוע הטכנאי שינייםשייך לתחום רפואת השיניים ללא מומחיות או התמחות","property":[{"code":"status","valueCode":"active"}]},{"code":"133","display":"מעשי מוגבל","definition":"מקצוע מעשי מוגבל שייך לתחום הסיעוד ללא מומחיות או התמחות מהווה רישוי מוגבל של אח/ות מעשי/ת","property":[{"code":"status","valueCode":"active"}]}]}