{"resourceType":"ValueSet","id":"practitioner-expertise-moh","text":{"status":"generated","div":"<div xmlns=\"http://www.w3.org/1999/xhtml\"><ul><li>Include all codes defined in <a href=\"CodeSystem-practitioner-expertise-moh.html\"><code>http://fhir.health.gov.il/cs/practitioner-expertise-moh</code></a></li></ul></div>"},"url":"http://fhir.health.gov.il/ValueSet/practitioner-expertise-moh","version":"0.14.0","name":"PractitionerExpertiseMoH","title":"קוד מומחיות לעוסק בבריאות","status":"draft","experimental":false,"date":"2023-12-05T11:06:07+01:00","publisher":"Israel Core Team","contact":[{"name":"Israel Core Team","telecom":[{"system":"email","value":"ido.levin@moh.gov.il"}]},{"name":"Kippi Bordowitz","telecom":[{"system":"email","value":"ido.levin@moh.gov.il"}]}],"description":"קוד מומחיות לעוסק בבריאות לפי רישוי משרד הבריאות","compose":{"include":[{"system":"http://fhir.health.gov.il/cs/practitioner-expertise-moh"}]}}