{"resourceType":"ValueSet","id":"practitioner-profession-moh","text":{"status":"extensions","div":"<div xmlns=\"http://www.w3.org/1999/xhtml\"><p>This value set includes codes based on the following rules:</p><ul><li>Include all codes defined in <a href=\"CodeSystem-practitioner-profession-moh.html\"><code>http://fhir.health.gov.il/cs/practitioner-profession-moh</code></a></li></ul><p>This value set excludes codes based on the following rules:</p><ul><li>Exclude these codes as defined in <a href=\"CodeSystem-practitioner-profession-moh.html\"><code>http://fhir.health.gov.il/cs/practitioner-profession-moh</code></a><table class=\"none\"><tr><td style=\"white-space:nowrap\"><b>Code</b></td><td><b>Display</b></td><td><b>Definition</b></td></tr><tr><td><a href=\"CodeSystem-practitioner-profession-moh.html#practitioner-profession-moh-101\">101</a></td><td>אח/ות מוסמכ/ת</td><td>מקצוע האח/ות מוסמכ/ת שייך לתחום הסיעוד לו קיימים ערכי מומחיות Expertise</td></tr><tr><td><a href=\"CodeSystem-practitioner-profession-moh.html#practitioner-profession-moh-102\">102</a></td><td>אח/ות מעשי/ת</td><td>מקצוע האח/ות מעשי/ת שייך לתחום הסיעוד ללא מומחיות או התמחות</td></tr><tr><td><a href=\"CodeSystem-practitioner-profession-moh.html#practitioner-profession-moh-103\">103</a></td><td>אח/ות</td><td>מקצוע אח/ות שייך לתחום הסיעוד ללא מומחיות או התמחות</td></tr></table></li></ul></div>"},"url":"http://fhir.health.gov.il/ValueSet/practitioner-profession-moh","version":"0.14.0","name":"PractitionerProfessionMoH","title":"קוד מקצוע לעוסק בבריאות","status":"draft","experimental":false,"date":"2023-12-05T11:06:07+01:00","publisher":"Israel Core Team","contact":[{"name":"Israel Core Team","telecom":[{"system":"email","value":"ido.levin@moh.gov.il"}]},{"name":"Kippi Bordowitz","telecom":[{"system":"email","value":"ido.levin@moh.gov.il"}]}],"description":"קוד מקצוע לעוסק בבריאות לפי רישוי משרד הבריאות. שימו לב: מקצועות הסיעוד הוחרגו מרשימה זו ונמצאים ברשימה נפרדת","compose":{"include":[{"system":"http://fhir.health.gov.il/cs/practitioner-profession-moh"}],"exclude":[{"system":"http://fhir.health.gov.il/cs/practitioner-profession-moh","concept":[{"code":"101","display":"אח/ות מוסמכ/ת"},{"code":"102","display":"אח/ות מעשי/ת"},{"code":"103","display":"אח/ות"}]}]}}