<?xml version="1.0" encoding="UTF-8"?>

<ValueSet xmlns="http://hl7.org/fhir">
  <id value="il-core-coverage-type"/>
  <text>
    <status value="generated"/><div xmlns="http://www.w3.org/1999/xhtml"><p>This value set includes codes based on the following rules:</p><ul><li>Include all codes defined in <code>http://hl7.org/fhir/ValueSet/coverage-type</code></li><li>Include all codes defined in <a href="CodeSystem-il-core-coverage-type.html"><code>http://fhir.health.gov.il/cs/il-core-coverage-type</code></a></li></ul></div>
  </text>
  <url value="http://fhir.health.gov.il/ValueSet/il-core-coverage-type"/>
  <version value="0.14.0"/>
  <name value="ILCoreCoverageType"/>
  <title value="IL Core Coverage Type codes"/>
  <status value="draft"/>
  <experimental value="false"/>
  <date value="2023-12-05T11:14:13+01:00"/>
  <publisher value="Israel Core Team"/>
  <contact>
    <name value="Israel Core Team"/>
    <telecom>
      <system value="email"/>
      <value value="ido.levin@moh.gov.il"/>
    </telecom>
  </contact>
  <contact>
    <name value="Kippi Bordowitz"/>
    <telecom>
      <system value="email"/>
      <value value="ido.levin@moh.gov.il"/>
    </telecom>
  </contact>
  <description value="Codes for expressing general heigh level coverage types unique to Israel health system"/>
  <compose>
    <include>
      <system value="http://hl7.org/fhir/ValueSet/coverage-type"/>
    </include>
    <include>
      <system value="http://fhir.health.gov.il/cs/il-core-coverage-type"/>
    </include>
  </compose>
</ValueSet>