<?xml version="1.0" encoding="UTF-8"?>

<CodeSystem xmlns="http://hl7.org/fhir">
  <id value="paying-entity-moh"/>
  <text>
    <status value="extensions"/><div xmlns="http://www.w3.org/1999/xhtml"><p>This case-insensitive code system <code>http://fhir.health.gov.il/cs/paying-entity-moh</code> defines the following codes:</p><table class="codes"><tr><td style="white-space:nowrap"><b>Code</b></td><td><b>Display</b></td><td><b>Definition</b></td><td><b>Deprecated</b></td></tr><tr style="background-color: #ffeeee"><td style="white-space:nowrap">-888<a name="paying-entity-moh--888"> </a></td><td>לא רלוונטי</td><td>ערך ברירת מחדל במקרה שהמידע שמגיע הוא NULL</td><td>Deprecated</td></tr><tr style="background-color: #ffeeee"><td style="white-space:nowrap">-999<a name="paying-entity-moh--999"> </a></td><td>לא ידוע</td><td>ערך ברירת מחדל במקרה שערך הגורם המשלם איננו רלוונטי או לא קיים מאחר ולא מדובר בתשלום</td><td>Deprecated</td></tr><tr><td style="white-space:nowrap">101<a name="paying-entity-moh-101"> </a></td><td>קופת חולים כללית</td><td>הערך קופת חולים כללית מתאים למקרה בו הגורם המשלם הוא קופת חולים כללית (לא מדובר בשיוך לקופה)</td><td/></tr><tr><td style="white-space:nowrap">102<a name="paying-entity-moh-102"> </a></td><td>קופת חולים לאומית</td><td>הערך קופת חולים לאומית מתאים למקרה בו הגורם המשלם הוא קופת חולים לאומית (לא מדובר בשיוך לקופה)</td><td/></tr><tr><td style="white-space:nowrap">103<a name="paying-entity-moh-103"> </a></td><td>קופת חולים מכבי</td><td>הערך קופת חולים מכבי מתאים למקרה בו הגורם המשלם הוא קופת חולים מכבי (לא מדובר בשיוך לקופה)</td><td/></tr><tr><td style="white-space:nowrap">104<a name="paying-entity-moh-104"> </a></td><td>קופת חולים מאוחדת</td><td>הערך קופת חולים מאוחדת מתאים למקרה בו הגורם המשלם הוא קופת חולים מאוחדת (לא מדובר בשיוך לקופה)</td><td/></tr><tr><td style="white-space:nowrap">401<a name="paying-entity-moh-401"> </a></td><td>צה&quot;ל</td><td>הערך צה&quot;ל מתאים למקרה בו הגורם המשלם הוא צה&quot;ל (לא מדובר בשיוך אליו כקופה חמישת)</td><td/></tr><tr><td style="white-space:nowrap">402<a name="paying-entity-moh-402"> </a></td><td>משרד הבטחון</td><td>הערך משרד הבטחון מתאים למקרה בו הגורם המשלם הוא משרד הביטחון</td><td/></tr><tr><td style="white-space:nowrap">480<a name="paying-entity-moh-480"> </a></td><td>רשות פלסטינאית</td><td>הערך רשות פלסטינאית מתאים למקרה בו הגורם המשלם הוא הרשות הפלסטינאית</td><td/></tr><tr><td style="white-space:nowrap">405<a name="paying-entity-moh-405"> </a></td><td>שירותי בתי הסוהר</td><td>הערך שירותי בתי הסוהר  מתאים למקרה בו הגורם המשלם הוא</td><td/></tr><tr><td style="white-space:nowrap">501<a name="paying-entity-moh-501"> </a></td><td>חברות ביטוח</td><td>הערך חברות ביטוח  מתאים למקרה בו הגורם המשלם הוא חברת ביטוח (לזיהוי מימון חברות פרטיות)</td><td/></tr><tr><td style="white-space:nowrap">541<a name="paying-entity-moh-541"> </a></td><td>כללית ביטוחים משלימים</td><td>הערך כללית ביטוחים משלימים מתאים למקרה בו הגורם המשלם הוא הביטוח המשלים של קופת חולים כללית (לזיהוי שב&quot;ן)</td><td/></tr><tr><td style="white-space:nowrap">542<a name="paying-entity-moh-542"> </a></td><td>מכבי ביטוחים משלימים</td><td>הערך מכבי ביטוחים משלימים  מתאים למקרה בו הגורם המשלם הוא הביטוח המשלים של קופת חולים מכבי(לזיהוי שב&quot;ן)</td><td/></tr><tr><td style="white-space:nowrap">543<a name="paying-entity-moh-543"> </a></td><td>מאוחדת ביטוחים משלימים</td><td>הערך מאוחדת ביטוחים משלימים מתאים למקרה בו הגורם המשלם הוא הביטוח המשלים של קופת חולים מאוחדת (לזיהוי שב&quot;ן)</td><td/></tr><tr><td style="white-space:nowrap">544<a name="paying-entity-moh-544"> </a></td><td>לאומית ביטוחים משלימים</td><td>הערך לאומית ביטוחים משלימים מתאים למקרה בו הגורם המשלם הוא הביטוח המשלים של קופת חולים לאומית (לזיהוי שב&quot;ן)</td><td/></tr><tr style="background-color: #ffeeee"><td style="white-space:nowrap">1Z1<a name="paying-entity-moh-1Z1"> </a></td><td>כללית חיילים</td><td>הערך כללית חיילים מתאים למקרה היסטורי בו הגורם המשלם היה ביטוח החיילים בקופת חולים כללית (לא תקף יותר)</td><td>Deprecated</td></tr><tr style="background-color: #ffeeee"><td style="white-space:nowrap">1Z2<a name="paying-entity-moh-1Z2"> </a></td><td>לאומית חיילים</td><td>הערך לאומית חיילים מתאים למקרה היסטורי בו הגורם המשלם היה ביטוח החיילים בקופת חולים לאומית (לא תקף יותר)</td><td>Deprecated</td></tr><tr style="background-color: #ffeeee"><td style="white-space:nowrap">1Z3<a name="paying-entity-moh-1Z3"> </a></td><td>מכבי חיילים</td><td>הערך מכבי חיילים מתאים למקרה היסטורי בו הגורם המשלם היה ביטוח החיילים בקופת חולים מכבי(לא תקף יותר)</td><td>Deprecated</td></tr><tr style="background-color: #ffeeee"><td style="white-space:nowrap">1Z4<a name="paying-entity-moh-1Z4"> </a></td><td>מאוחדת חיילים</td><td>הערך מאוחדת חיילים מתאים למקרה היסטורי בו הגורם המשלם היה ביטוח החיילים בקופת חולים מאוחדת (לא תקף יותר)</td><td>Deprecated</td></tr><tr><td style="white-space:nowrap">1P1<a name="paying-entity-moh-1P1"> </a></td><td>כללית פסיכיאטריה</td><td>הערך כללית פסיכיאטריה מתאים למקרה בו הגורם המשלם הוא קופת חולים כללית לשירותי בריאות הנפש</td><td/></tr><tr><td style="white-space:nowrap">1P2<a name="paying-entity-moh-1P2"> </a></td><td>לאומית פסיכיאטריה</td><td>הערך לאומית פסיכיאטריה מתאים למקרה בו הגורם המשלם הוא קופת חולים לאומית לשירותי בריאות הנפש</td><td/></tr><tr><td style="white-space:nowrap">1P3<a name="paying-entity-moh-1P3"> </a></td><td>מכבי פסיכיאטריה</td><td>הערך מכבי פסיכיאטריה מתאים למקרה בו הגורם המשלם הוא קופת חולים מכבי לשירותי בריאות הנפש</td><td/></tr><tr><td style="white-space:nowrap">1P4<a name="paying-entity-moh-1P4"> </a></td><td>מאוחדת פסיכיאטריה</td><td>הערך מאוחדת פסיכיאטריה מתאים למקרה בו הגורם המשלם הוא קופת חולים מאוחדת לשירותי בריאות הנפש</td><td/></tr><tr><td style="white-space:nowrap">200<a name="paying-entity-moh-200"> </a></td><td>בתי חולים</td><td>הערך בתי חולים מתאים למקרה בו הגורם המשלם הוא בית החולים</td><td/></tr><tr><td style="white-space:nowrap">201<a name="paying-entity-moh-201"> </a></td><td>מוסדות לאשפוז כללי</td><td>הערך מוסדות לאשפוז כללי מתאים למקרה בו הגורם המשלם הוא מוסד לאשפוז כללי כלשהו (יכול להיות בית יולדות</td><td/></tr><tr><td style="white-space:nowrap">202<a name="paying-entity-moh-202"> </a></td><td>מוסדות לאשפוז נפש</td><td>הערך מוסדות לאשפוז נפש מתאים למקרה בו הגורם המשלם הוא מוסד לאשפוז בבריאות הנפש (בית חולים פסיכיאטרי)</td><td/></tr><tr><td style="white-space:nowrap">203<a name="paying-entity-moh-203"> </a></td><td>מוסדות למחלות ממושכות</td><td>הערך מוסדות למחלות ממושכות מתאים למקרה בו הגורם המשלם הוא מוסד לאשפוז ממושך (בית חולים גריאטרי)</td><td/></tr><tr><td style="white-space:nowrap">204<a name="paying-entity-moh-204"> </a></td><td>מוסדות לשיקום</td><td>הערך מוסדות לשיקום מתאים למקרה בו הגורם המשלם הוא מוסד שיקום</td><td/></tr><tr><td style="white-space:nowrap">300<a name="paying-entity-moh-300"> </a></td><td>ביטוח לאומי</td><td>הערך ביטוח לאומי מתאים למקרה בו הגורם המשלם הוא ביטוח לאומי</td><td/></tr><tr><td style="white-space:nowrap">400<a name="paying-entity-moh-400"> </a></td><td>משרדי ממשלה ומוסדות ציבור</td><td>משרדי ממשלה ומוסדות ציבור מתאים למקרה בו הגורם המשלם הוא גורם ממשלתי או ציבורי</td><td/></tr><tr><td style="white-space:nowrap">403<a name="paying-entity-moh-403"> </a></td><td>ממשל צבאי</td><td>ממשל צבאי מתאים למקרה בו הגורם המשלם הוא הממשל הצבאי</td><td/></tr><tr><td style="white-space:nowrap">404<a name="paying-entity-moh-404"> </a></td><td>משטרה</td><td>הערך משטרה מתאים למקרה בו הגורם המשלם הוא המשטרה</td><td/></tr><tr><td style="white-space:nowrap">406<a name="paying-entity-moh-406"> </a></td><td>משרד הבריאות</td><td>הערך משרד הבריאות מתאים למקרה בו הגורם המשלם הוא משרד הבריאות</td><td/></tr><tr><td style="white-space:nowrap">465<a name="paying-entity-moh-465"> </a></td><td>בתי ספר</td><td>הערך בתי ספר מתאים למקרה בו הגורם המשלם הוא בית ספר</td><td/></tr><tr><td style="white-space:nowrap">475<a name="paying-entity-moh-475"> </a></td><td>מוסדות דת</td><td>הערך מוסדות דת מתאים למקרה בו הגורם המשלם הוא מוסד דת</td><td/></tr><tr><td style="white-space:nowrap">490<a name="paying-entity-moh-490"> </a></td><td>או&quot;ם /כוח רב לאומי</td><td>הערך או&quot;ם /כוח רב לאומי מתאים למקרה בו הגורם המשלם הוא האו&quot;ם או הכוח הרב לאומי</td><td/></tr><tr><td style="white-space:nowrap">500<a name="paying-entity-moh-500"> </a></td><td>חברות פרטיות</td><td>הערך חברות פרטיות מתאים למקרה בו הגורם המשלם הוא חברה פרטית (לאוו דווקא חברת ביטוח)</td><td/></tr><tr><td style="white-space:nowrap">504<a name="paying-entity-moh-504"> </a></td><td>שגרירויות</td><td>הערך שגרירויות מתאים למקרה בו הגורם המשלם הוא שגרירות</td><td/></tr><tr><td style="white-space:nowrap">515<a name="paying-entity-moh-515"> </a></td><td>חברות ביטוח בהסדר</td><td>הערך חברות ביטוח בהסדר מתאים למקרה בו הגורם המשלם הוא חברת ביטוח שבהסדר</td><td/></tr><tr><td style="white-space:nowrap">530<a name="paying-entity-moh-530"> </a></td><td>חברות ביטוח זרות</td><td>הערך חברות ביטוח זרות מתאים למקרה בו הגורם המשלם הוא חברת ביטוח זרה</td><td/></tr><tr><td style="white-space:nowrap">593<a name="paying-entity-moh-593"> </a></td><td>חברות/הסכמי בתי חולים</td><td>הערך חברות/הסכמי בתי חולים מתאים למקרה בו הגורם המשלם הוא חברה בהסכמי בתי חולים</td><td/></tr><tr><td style="white-space:nowrap">600<a name="paying-entity-moh-600"> </a></td><td>פרטי</td><td>הערך פרטי מתאים לכל המקרים בו הגורם המשלם הוא פרטי</td><td/></tr><tr><td style="white-space:nowrap">601<a name="paying-entity-moh-601"> </a></td><td>פרטי- אזרח / תושב ארעי</td><td>הערך פרטי- אזרח / תושב ארעי מתאים למקרה בו הגורם המשלם הוא אזרח או תושב ארעי</td><td/></tr><tr><td style="white-space:nowrap">602<a name="paying-entity-moh-602"> </a></td><td>תושב חוץ</td><td>הערך תושב חוץ מתאים למקרה בו הגורם המשלם הוא תושב חוץ (אזרח ישראלי המתגורר בחו&quot;ל)</td><td/></tr><tr><td style="white-space:nowrap">603<a name="paying-entity-moh-603"> </a></td><td>פרטי - תושב חוץ / תייר</td><td>הערך פרטי - תושב חוץ / תייר מתאים למקרה בו הגורם המשלם הוא תושב חוץ או תייר</td><td/></tr><tr><td style="white-space:nowrap">700<a name="paying-entity-moh-700"> </a></td><td>חינם</td><td>הערך חינם מתאים למקרה בו השירות ניתן בחינם ולא נדרש גורם משלם</td><td/></tr><tr><td style="white-space:nowrap">701<a name="paying-entity-moh-701"> </a></td><td>ב&quot;ח חינם פרסונל</td><td>הערך ב&quot;ח חינם פרסונל מתאים למקרה בו השירות ניתן בחינם למטופל פרוסנל והגורם המשלם הוא בעצם בית החולים</td><td/></tr><tr><td style="white-space:nowrap">800<a name="paying-entity-moh-800"> </a></td><td>קרן מחקרים</td><td>הערך קרן מחקרים מתאים מקרה בו קרן המחקרים משלמת לשירותי עובדיה</td><td/></tr><tr><td style="white-space:nowrap">900<a name="paying-entity-moh-900"> </a></td><td>ברורים</td><td>הערך ברורים מתאים למקרה בו עדיין לא ברור מי יהיה הגורם המשלם</td><td/></tr><tr><td style="white-space:nowrap">901<a name="paying-entity-moh-901"> </a></td><td>מחיקת חובות</td><td>הערך מחיקת חובות מתאים למקרה בו ישנו ויתור על תשלום חוב</td><td/></tr><tr><td style="white-space:nowrap">280<a name="paying-entity-moh-280"> </a></td><td>תאגידים במרכז רפואי מחוץ</td><td>הערך תאגידים במרכז רפואי מחוץ מתאים למקרה בו הגורם המשלם הוא התאגיד במרכז הרפואי</td><td/></tr></table></div>
  </text>
  <extension url="http://hl7.org/fhir/StructureDefinition/codesystem-effectiveDate">
    <valueDate value="2023-01"/>
  </extension>
  <url value="http://fhir.health.gov.il/cs/paying-entity-moh"/>
  <version value="0.15.0"/>
  <name value="PayingEntityMoH"/>
  <title value="Payer (Paying Entity / גורם משלם)"/>
  <status value="draft"/>
  <experimental value="false"/>
  <date value="2023-12-21T10:10:16+01:00"/>
  <publisher value="Israel Core Team"/>
  <contact>
    <name value="Israel Core Team"/>
    <telecom>
      <system value="email"/>
      <value value="ido.levin@moh.gov.il"/>
    </telecom>
  </contact>
  <contact>
    <name value="Kippi Bordowitz"/>
    <telecom>
      <system value="email"/>
      <value value="ido.levin@moh.gov.il"/>
    </telecom>
  </contact>
  <description value="Codes for different paying entities in Israel; including HMOs, IDF, MoD, PLA, Prison system"/>
  <caseSensitive value="false"/>
  <content value="complete"/>
  <count value="51"/>
  <concept>
    <code value="-888"/>
    <display value="לא רלוונטי"/>
    <definition value="ערך ברירת מחדל במקרה שהמידע שמגיע הוא NULL"/>
    <property>
      <code value="status"/>
      <valueCode value="deprecated"/>
    </property>
  </concept>
  <concept>
    <code value="-999"/>
    <display value="לא ידוע"/>
    <definition value="ערך ברירת מחדל במקרה שערך הגורם המשלם איננו רלוונטי או לא קיים מאחר ולא מדובר בתשלום"/>
    <property>
      <code value="status"/>
      <valueCode value="deprecated"/>
    </property>
  </concept>
  <concept>
    <code value="101"/>
    <display value="קופת חולים כללית"/>
    <definition value="הערך קופת חולים כללית מתאים למקרה בו הגורם המשלם הוא קופת חולים כללית (לא מדובר בשיוך לקופה)"/>
  </concept>
  <concept>
    <code value="102"/>
    <display value="קופת חולים לאומית"/>
    <definition value="הערך קופת חולים לאומית מתאים למקרה בו הגורם המשלם הוא קופת חולים לאומית (לא מדובר בשיוך לקופה)"/>
  </concept>
  <concept>
    <code value="103"/>
    <display value="קופת חולים מכבי"/>
    <definition value="הערך קופת חולים מכבי מתאים למקרה בו הגורם המשלם הוא קופת חולים מכבי (לא מדובר בשיוך לקופה)"/>
  </concept>
  <concept>
    <code value="104"/>
    <display value="קופת חולים מאוחדת"/>
    <definition value="הערך קופת חולים מאוחדת מתאים למקרה בו הגורם המשלם הוא קופת חולים מאוחדת (לא מדובר בשיוך לקופה)"/>
  </concept>
  <concept>
    <code value="401"/>
    <display value="צה&quot;ל"/>
    <definition value="הערך צה&quot;ל מתאים למקרה בו הגורם המשלם הוא צה&quot;ל (לא מדובר בשיוך אליו כקופה חמישת)"/>
  </concept>
  <concept>
    <code value="402"/>
    <display value="משרד הבטחון"/>
    <definition value="הערך משרד הבטחון מתאים למקרה בו הגורם המשלם הוא משרד הביטחון"/>
  </concept>
  <concept>
    <code value="480"/>
    <display value="רשות פלסטינאית"/>
    <definition value="הערך רשות פלסטינאית מתאים למקרה בו הגורם המשלם הוא הרשות הפלסטינאית"/>
  </concept>
  <concept>
    <code value="405"/>
    <display value="שירותי בתי הסוהר"/>
    <definition value="הערך שירותי בתי הסוהר  מתאים למקרה בו הגורם המשלם הוא"/>
  </concept>
  <concept>
    <code value="501"/>
    <display value="חברות ביטוח"/>
    <definition value="הערך חברות ביטוח  מתאים למקרה בו הגורם המשלם הוא חברת ביטוח (לזיהוי מימון חברות פרטיות)"/>
  </concept>
  <concept>
    <code value="541"/>
    <display value="כללית ביטוחים משלימים"/>
    <definition value="הערך כללית ביטוחים משלימים מתאים למקרה בו הגורם המשלם הוא הביטוח המשלים של קופת חולים כללית (לזיהוי שב&quot;ן)"/>
  </concept>
  <concept>
    <code value="542"/>
    <display value="מכבי ביטוחים משלימים"/>
    <definition value="הערך מכבי ביטוחים משלימים  מתאים למקרה בו הגורם המשלם הוא הביטוח המשלים של קופת חולים מכבי(לזיהוי שב&quot;ן)"/>
  </concept>
  <concept>
    <code value="543"/>
    <display value="מאוחדת ביטוחים משלימים"/>
    <definition value="הערך מאוחדת ביטוחים משלימים מתאים למקרה בו הגורם המשלם הוא הביטוח המשלים של קופת חולים מאוחדת (לזיהוי שב&quot;ן)"/>
  </concept>
  <concept>
    <code value="544"/>
    <display value="לאומית ביטוחים משלימים"/>
    <definition value="הערך לאומית ביטוחים משלימים מתאים למקרה בו הגורם המשלם הוא הביטוח המשלים של קופת חולים לאומית (לזיהוי שב&quot;ן)"/>
  </concept>
  <concept>
    <code value="1Z1"/>
    <display value="כללית חיילים"/>
    <definition value="הערך כללית חיילים מתאים למקרה היסטורי בו הגורם המשלם היה ביטוח החיילים בקופת חולים כללית (לא תקף יותר)"/>
    <property>
      <code value="status"/>
      <valueCode value="deprecated"/>
    </property>
  </concept>
  <concept>
    <code value="1Z2"/>
    <display value="לאומית חיילים"/>
    <definition value="הערך לאומית חיילים מתאים למקרה היסטורי בו הגורם המשלם היה ביטוח החיילים בקופת חולים לאומית (לא תקף יותר)"/>
    <property>
      <code value="status"/>
      <valueCode value="deprecated"/>
    </property>
  </concept>
  <concept>
    <code value="1Z3"/>
    <display value="מכבי חיילים"/>
    <definition value="הערך מכבי חיילים מתאים למקרה היסטורי בו הגורם המשלם היה ביטוח החיילים בקופת חולים מכבי(לא תקף יותר)"/>
    <property>
      <code value="status"/>
      <valueCode value="deprecated"/>
    </property>
  </concept>
  <concept>
    <code value="1Z4"/>
    <display value="מאוחדת חיילים"/>
    <definition value="הערך מאוחדת חיילים מתאים למקרה היסטורי בו הגורם המשלם היה ביטוח החיילים בקופת חולים מאוחדת (לא תקף יותר)"/>
    <property>
      <code value="status"/>
      <valueCode value="deprecated"/>
    </property>
  </concept>
  <concept>
    <code value="1P1"/>
    <display value="כללית פסיכיאטריה"/>
    <definition value="הערך כללית פסיכיאטריה מתאים למקרה בו הגורם המשלם הוא קופת חולים כללית לשירותי בריאות הנפש"/>
  </concept>
  <concept>
    <code value="1P2"/>
    <display value="לאומית פסיכיאטריה"/>
    <definition value="הערך לאומית פסיכיאטריה מתאים למקרה בו הגורם המשלם הוא קופת חולים לאומית לשירותי בריאות הנפש"/>
  </concept>
  <concept>
    <code value="1P3"/>
    <display value="מכבי פסיכיאטריה"/>
    <definition value="הערך מכבי פסיכיאטריה מתאים למקרה בו הגורם המשלם הוא קופת חולים מכבי לשירותי בריאות הנפש"/>
  </concept>
  <concept>
    <code value="1P4"/>
    <display value="מאוחדת פסיכיאטריה"/>
    <definition value="הערך מאוחדת פסיכיאטריה מתאים למקרה בו הגורם המשלם הוא קופת חולים מאוחדת לשירותי בריאות הנפש"/>
  </concept>
  <concept>
    <code value="200"/>
    <display value="בתי חולים"/>
    <definition value="הערך בתי חולים מתאים למקרה בו הגורם המשלם הוא בית החולים"/>
  </concept>
  <concept>
    <code value="201"/>
    <display value="מוסדות לאשפוז כללי"/>
    <definition value="הערך מוסדות לאשפוז כללי מתאים למקרה בו הגורם המשלם הוא מוסד לאשפוז כללי כלשהו (יכול להיות בית יולדות"/>
  </concept>
  <concept>
    <code value="202"/>
    <display value="מוסדות לאשפוז נפש"/>
    <definition value="הערך מוסדות לאשפוז נפש מתאים למקרה בו הגורם המשלם הוא מוסד לאשפוז בבריאות הנפש (בית חולים פסיכיאטרי)"/>
  </concept>
  <concept>
    <code value="203"/>
    <display value="מוסדות למחלות ממושכות"/>
    <definition value="הערך מוסדות למחלות ממושכות מתאים למקרה בו הגורם המשלם הוא מוסד לאשפוז ממושך (בית חולים גריאטרי)"/>
  </concept>
  <concept>
    <code value="204"/>
    <display value="מוסדות לשיקום"/>
    <definition value="הערך מוסדות לשיקום מתאים למקרה בו הגורם המשלם הוא מוסד שיקום"/>
  </concept>
  <concept>
    <code value="300"/>
    <display value="ביטוח לאומי"/>
    <definition value="הערך ביטוח לאומי מתאים למקרה בו הגורם המשלם הוא ביטוח לאומי"/>
  </concept>
  <concept>
    <code value="400"/>
    <display value="משרדי ממשלה ומוסדות ציבור"/>
    <definition value="משרדי ממשלה ומוסדות ציבור מתאים למקרה בו הגורם המשלם הוא גורם ממשלתי או ציבורי"/>
  </concept>
  <concept>
    <code value="403"/>
    <display value="ממשל צבאי"/>
    <definition value="ממשל צבאי מתאים למקרה בו הגורם המשלם הוא הממשל הצבאי"/>
  </concept>
  <concept>
    <code value="404"/>
    <display value="משטרה"/>
    <definition value="הערך משטרה מתאים למקרה בו הגורם המשלם הוא המשטרה"/>
  </concept>
  <concept>
    <code value="406"/>
    <display value="משרד הבריאות"/>
    <definition value="הערך משרד הבריאות מתאים למקרה בו הגורם המשלם הוא משרד הבריאות"/>
  </concept>
  <concept>
    <code value="465"/>
    <display value="בתי ספר"/>
    <definition value="הערך בתי ספר מתאים למקרה בו הגורם המשלם הוא בית ספר"/>
  </concept>
  <concept>
    <code value="475"/>
    <display value="מוסדות דת"/>
    <definition value="הערך מוסדות דת מתאים למקרה בו הגורם המשלם הוא מוסד דת"/>
  </concept>
  <concept>
    <code value="490"/>
    <display value="או&quot;ם /כוח רב לאומי"/>
    <definition value="הערך או&quot;ם /כוח רב לאומי מתאים למקרה בו הגורם המשלם הוא האו&quot;ם או הכוח הרב לאומי"/>
  </concept>
  <concept>
    <code value="500"/>
    <display value="חברות פרטיות"/>
    <definition value="הערך חברות פרטיות מתאים למקרה בו הגורם המשלם הוא חברה פרטית (לאוו דווקא חברת ביטוח)"/>
  </concept>
  <concept>
    <code value="504"/>
    <display value="שגרירויות"/>
    <definition value="הערך שגרירויות מתאים למקרה בו הגורם המשלם הוא שגרירות"/>
  </concept>
  <concept>
    <code value="515"/>
    <display value="חברות ביטוח בהסדר"/>
    <definition value="הערך חברות ביטוח בהסדר מתאים למקרה בו הגורם המשלם הוא חברת ביטוח שבהסדר"/>
  </concept>
  <concept>
    <code value="530"/>
    <display value="חברות ביטוח זרות"/>
    <definition value="הערך חברות ביטוח זרות מתאים למקרה בו הגורם המשלם הוא חברת ביטוח זרה"/>
  </concept>
  <concept>
    <code value="593"/>
    <display value="חברות/הסכמי בתי חולים"/>
    <definition value="הערך חברות/הסכמי בתי חולים מתאים למקרה בו הגורם המשלם הוא חברה בהסכמי בתי חולים"/>
  </concept>
  <concept>
    <code value="600"/>
    <display value="פרטי"/>
    <definition value="הערך פרטי מתאים לכל המקרים בו הגורם המשלם הוא פרטי"/>
  </concept>
  <concept>
    <code value="601"/>
    <display value="פרטי- אזרח / תושב ארעי"/>
    <definition value="הערך פרטי- אזרח / תושב ארעי מתאים למקרה בו הגורם המשלם הוא אזרח או תושב ארעי"/>
  </concept>
  <concept>
    <code value="602"/>
    <display value="תושב חוץ"/>
    <definition value="הערך תושב חוץ מתאים למקרה בו הגורם המשלם הוא תושב חוץ (אזרח ישראלי המתגורר בחו&quot;ל)"/>
  </concept>
  <concept>
    <code value="603"/>
    <display value="פרטי - תושב חוץ / תייר"/>
    <definition value="הערך פרטי - תושב חוץ / תייר מתאים למקרה בו הגורם המשלם הוא תושב חוץ או תייר"/>
  </concept>
  <concept>
    <code value="700"/>
    <display value="חינם"/>
    <definition value="הערך חינם מתאים למקרה בו השירות ניתן בחינם ולא נדרש גורם משלם"/>
  </concept>
  <concept>
    <code value="701"/>
    <display value="ב&quot;ח חינם פרסונל"/>
    <definition value="הערך ב&quot;ח חינם פרסונל מתאים למקרה בו השירות ניתן בחינם למטופל פרוסנל והגורם המשלם הוא בעצם בית החולים"/>
  </concept>
  <concept>
    <code value="800"/>
    <display value="קרן מחקרים"/>
    <definition value="הערך קרן מחקרים מתאים מקרה בו קרן המחקרים משלמת לשירותי עובדיה"/>
  </concept>
  <concept>
    <code value="900"/>
    <display value="ברורים"/>
    <definition value="הערך ברורים מתאים למקרה בו עדיין לא ברור מי יהיה הגורם המשלם"/>
  </concept>
  <concept>
    <code value="901"/>
    <display value="מחיקת חובות"/>
    <definition value="הערך מחיקת חובות מתאים למקרה בו ישנו ויתור על תשלום חוב"/>
  </concept>
  <concept>
    <code value="280"/>
    <display value="תאגידים במרכז רפואי מחוץ"/>
    <definition value="הערך תאגידים במרכז רפואי מחוץ מתאים למקרה בו הגורם המשלם הוא התאגיד במרכז הרפואי"/>
  </concept>
</CodeSystem>