<?xml version="1.0" encoding="UTF-8"?>

<ValueSet xmlns="http://hl7.org/fhir">
  <id value="il-core-not-performed-reason"/>
  <text>
    <status value="generated"/><div xmlns="http://www.w3.org/1999/xhtml"><ul><li>Include all codes defined in <a href="CodeSystem-il-core-not-performed-reason.html"><code>http://fhir.health.gov.il/cs/il-core-not-performed-reason</code></a></li></ul></div>
  </text>
  <url value="http://fhir.health.gov.il/ValueSet/il-core-not-performed-reason"/>
  <version value="0.15.0"/>
  <name value="ILCoreNotPerformedReason"/>
  <title value="IL Core procedure Reason"/>
  <status value="draft"/>
  <experimental value="false"/>
  <date value="2023-12-21T10:10:16+01:00"/>
  <publisher value="Israel Core Team"/>
  <contact>
    <name value="Israel Core Team"/>
    <telecom>
      <system value="email"/>
      <value value="ido.levin@moh.gov.il"/>
    </telecom>
  </contact>
  <contact>
    <name value="Kippi Bordowitz"/>
    <telecom>
      <system value="email"/>
      <value value="ido.levin@moh.gov.il"/>
    </telecom>
  </contact>
  <description value="A list of codes for procedure reasons for the IL Core"/>
  <compose>
    <include>
      <system value="http://fhir.health.gov.il/cs/il-core-not-performed-reason"/>
    </include>
  </compose>
</ValueSet>