<?xml version="1.0" encoding="UTF-8"?>

<ValueSet xmlns="http://hl7.org/fhir">
  <id value="il-core-medication-code"/>
  <text>
    <status value="generated"/><div xmlns="http://www.w3.org/1999/xhtml"><p>This value set includes codes based on the following rules:</p><ul><li>Include all codes defined in <a href="CodeSystem-moh-medication-code.html"><code>http://israeldrugs.health.gov.il</code></a></li><li>Include all codes defined in <code>http://cosmetics.health.gov.il</code></li><li>Include all codes defined in <a href="http://www.snomed.org/"><code>http://snomed.info/sct</code></a></li><li>Include all codes defined in <a href="http://www.whocc.no/atc"><code>http://www.whocc.no/atc</code></a></li><li>Include all codes defined in <a href="http://www.nlm.nih.gov/research/umls/rxnorm"><code>http://www.nlm.nih.gov/research/umls/rxnorm</code></a></li><li>Include all codes defined in <code>http://www.gs1.org/gtin</code></li></ul></div>
  </text>
  <url value="http://fhir.health.gov.il/ValueSet/il-core-medication-code"/>
  <version value="0.15.0"/>
  <name value="ILCoreMedicationCode"/>
  <title value="ILCore Medication Code"/>
  <status value="draft"/>
  <experimental value="false"/>
  <date value="2023-12-21T10:10:16+01:00"/>
  <publisher value="Israel Core Team"/>
  <contact>
    <name value="Israel Core Team"/>
    <telecom>
      <system value="email"/>
      <value value="ido.levin@moh.gov.il"/>
    </telecom>
  </contact>
  <contact>
    <name value="Kippi Bordowitz"/>
    <telecom>
      <system value="email"/>
      <value value="ido.levin@moh.gov.il"/>
    </telecom>
  </contact>
  <description value="Codes for medications according to ILCore catalogue"/>
  <compose>
    <include>
      <system value="http://israeldrugs.health.gov.il"/>
    </include>
    <include>
      <system value="http://cosmetics.health.gov.il"/>
    </include>
    <include>
      <system value="http://snomed.info/sct"/>
    </include>
    <include>
      <system value="http://www.whocc.no/atc"/>
    </include>
    <include>
      <system value="http://www.nlm.nih.gov/research/umls/rxnorm"/>
    </include>
    <include>
      <system value="http://www.gs1.org/gtin"/>
    </include>
  </compose>
</ValueSet>