{
  "resourceType" : "CodeSystem",
  "id" : "patient-admit-source-moh",
  "text" : {
    "status" : "generated",
    "div" : "<div xmlns=\"http://www.w3.org/1999/xhtml\"><p>This case-insensitive code system <code>http://fhir.health.gov.il/cs/patient-admit-source-moh</code> provides some codes <b>that are example only</b>:</p><table class=\"codes\"><tr><td style=\"white-space:nowrap\"><b>Code</b></td><td><b>Display</b></td></tr><tr><td style=\"white-space:nowrap\">1<a name=\"patient-admit-source-moh-1\"> </a></td><td>מוסד רפ' אחר</td></tr><tr><td style=\"white-space:nowrap\">2<a name=\"patient-admit-source-moh-2\"> </a></td><td>מוסד לא רפואי</td></tr><tr><td style=\"white-space:nowrap\">5<a name=\"patient-admit-source-moh-5\"> </a></td><td>אשפוז יום</td></tr><tr><td style=\"white-space:nowrap\">6<a name=\"patient-admit-source-moh-6\"> </a></td><td>מח' אשפוז בבי&quot;ח</td></tr><tr><td style=\"white-space:nowrap\">7<a name=\"patient-admit-source-moh-7\"> </a></td><td>ממיון בבי&quot;ח</td></tr><tr><td style=\"white-space:nowrap\">8<a name=\"patient-admit-source-moh-8\"> </a></td><td>ממרפאה בבי&quot;ח</td></tr><tr><td style=\"white-space:nowrap\">10<a name=\"patient-admit-source-moh-10\"> </a></td><td>כללית</td></tr><tr><td style=\"white-space:nowrap\">11<a name=\"patient-admit-source-moh-11\"> </a></td><td>מכבי</td></tr><tr><td style=\"white-space:nowrap\">12<a name=\"patient-admit-source-moh-12\"> </a></td><td>מאוחדת</td></tr><tr><td style=\"white-space:nowrap\">13<a name=\"patient-admit-source-moh-13\"> </a></td><td>לאומית</td></tr><tr><td style=\"white-space:nowrap\">15<a name=\"patient-admit-source-moh-15\"> </a></td><td>שר&quot;פ / מלר&quot;ם</td></tr><tr><td style=\"white-space:nowrap\">16<a name=\"patient-admit-source-moh-16\"> </a></td><td>ביטוח לאומי</td></tr><tr><td style=\"white-space:nowrap\">17<a name=\"patient-admit-source-moh-17\"> </a></td><td>לידה</td></tr><tr><td style=\"white-space:nowrap\">18<a name=\"patient-admit-source-moh-18\"> </a></td><td>ביקור רדיולוגיה</td></tr><tr><td style=\"white-space:nowrap\">19<a name=\"patient-admit-source-moh-19\"> </a></td><td>ביק. חוזר במיון</td></tr><tr><td style=\"white-space:nowrap\">20<a name=\"patient-admit-source-moh-20\"> </a></td><td>מרופא פרטי</td></tr><tr><td style=\"white-space:nowrap\">21<a name=\"patient-admit-source-moh-21\"> </a></td><td>מרפאת מהגרים</td></tr><tr><td style=\"white-space:nowrap\">22<a name=\"patient-admit-source-moh-22\"> </a></td><td>מדא מרשות ציבור</td></tr><tr><td style=\"white-space:nowrap\">23<a name=\"patient-admit-source-moh-23\"> </a></td><td>אמבולנס נתב''ג</td></tr><tr><td style=\"white-space:nowrap\">24<a name=\"patient-admit-source-moh-24\"> </a></td><td>רופא בית חולים</td></tr><tr><td style=\"white-space:nowrap\">30<a name=\"patient-admit-source-moh-30\"> </a></td><td>מד&quot;א</td></tr><tr><td style=\"white-space:nowrap\">31<a name=\"patient-admit-source-moh-31\"> </a></td><td>שח&quot;ל</td></tr><tr><td style=\"white-space:nowrap\">32<a name=\"patient-admit-source-moh-32\"> </a></td><td>נט&quot;ן</td></tr><tr><td style=\"white-space:nowrap\">33<a name=\"patient-admit-source-moh-33\"> </a></td><td>נ.ט.ל.י</td></tr><tr><td style=\"white-space:nowrap\">34<a name=\"patient-admit-source-moh-34\"> </a></td><td>טרם</td></tr><tr><td style=\"white-space:nowrap\">35<a name=\"patient-admit-source-moh-35\"> </a></td><td>לשכת בריאות</td></tr><tr><td style=\"white-space:nowrap\">36<a name=\"patient-admit-source-moh-36\"> </a></td><td>אמבולנס</td></tr><tr><td style=\"white-space:nowrap\">38<a name=\"patient-admit-source-moh-38\"> </a></td><td>פסיכיאטר מחוזי</td></tr><tr><td style=\"white-space:nowrap\">39<a name=\"patient-admit-source-moh-39\"> </a></td><td>ביקור רופא</td></tr><tr><td style=\"white-space:nowrap\">40<a name=\"patient-admit-source-moh-40\"> </a></td><td>צה&quot;ל</td></tr><tr><td style=\"white-space:nowrap\">41<a name=\"patient-admit-source-moh-41\"> </a></td><td>משטרה</td></tr><tr><td style=\"white-space:nowrap\">42<a name=\"patient-admit-source-moh-42\"> </a></td><td>צה&quot;ל-מזור</td></tr><tr><td style=\"white-space:nowrap\">45<a name=\"patient-admit-source-moh-45\"> </a></td><td>שרות בתי הסוהר</td></tr><tr><td style=\"white-space:nowrap\">46<a name=\"patient-admit-source-moh-46\"> </a></td><td>משרד הביטחון</td></tr><tr><td style=\"white-space:nowrap\">47<a name=\"patient-admit-source-moh-47\"> </a></td><td>רשות פלסטינאית</td></tr><tr><td style=\"white-space:nowrap\">48<a name=\"patient-admit-source-moh-48\"> </a></td><td>מאוחדת חיילים</td></tr><tr><td style=\"white-space:nowrap\">49<a name=\"patient-admit-source-moh-49\"> </a></td><td>לאומית חיילים</td></tr><tr><td style=\"white-space:nowrap\">50<a name=\"patient-admit-source-moh-50\"> </a></td><td>פניה עצמית</td></tr><tr><td style=\"white-space:nowrap\">51<a name=\"patient-admit-source-moh-51\"> </a></td><td>מעסיק/ת.עבודה</td></tr><tr><td style=\"white-space:nowrap\">52<a name=\"patient-admit-source-moh-52\"> </a></td><td>הפניה טלפונית</td></tr><tr><td style=\"white-space:nowrap\">53<a name=\"patient-admit-source-moh-53\"> </a></td><td>כללית חיילים</td></tr><tr><td style=\"white-space:nowrap\">54<a name=\"patient-admit-source-moh-54\"> </a></td><td>מכבי חיילים</td></tr><tr><td style=\"white-space:nowrap\">55<a name=\"patient-admit-source-moh-55\"> </a></td><td>כללית מכביה</td></tr><tr><td style=\"white-space:nowrap\">56<a name=\"patient-admit-source-moh-56\"> </a></td><td>ביקור רופא צה&quot;ל</td></tr><tr><td style=\"white-space:nowrap\">57<a name=\"patient-admit-source-moh-57\"> </a></td><td>מוקד רפואי ק&quot;ש</td></tr><tr><td style=\"white-space:nowrap\">60<a name=\"patient-admit-source-moh-60\"> </a></td><td>אחות בית ספר</td></tr><tr><td style=\"white-space:nowrap\">61<a name=\"patient-admit-source-moh-61\"> </a></td><td>תחנה לבריאות המ</td></tr><tr><td style=\"white-space:nowrap\">62<a name=\"patient-admit-source-moh-62\"> </a></td><td>שרותי רווחה</td></tr><tr><td style=\"white-space:nowrap\">74<a name=\"patient-admit-source-moh-74\"> </a></td><td>איחוד הצלה</td></tr><tr><td style=\"white-space:nowrap\">85<a name=\"patient-admit-source-moh-85\"> </a></td><td>קבלת אחסון גויה</td></tr><tr><td style=\"white-space:nowrap\">98<a name=\"patient-admit-source-moh-98\"> </a></td><td>מסוק</td></tr><tr><td style=\"white-space:nowrap\">99<a name=\"patient-admit-source-moh-99\"> </a></td><td>לא ידוע</td></tr><tr><td style=\"white-space:nowrap\">Z1<a name=\"patient-admit-source-moh-Z1\"> </a></td><td>הסבה-המשך טיפול</td></tr><tr><td style=\"white-space:nowrap\">Z2<a name=\"patient-admit-source-moh-Z2\"> </a></td><td>הסבה-מקופ&quot;ח</td></tr><tr><td style=\"white-space:nowrap\">Z4<a name=\"patient-admit-source-moh-Z4\"> </a></td><td>הסבה-פניה טלפון</td></tr></table></div>"
  },
  "extension" : [{
    "url" : "http://hl7.org/fhir/StructureDefinition/codesystem-effectiveDate",
    "valueDate" : "2023-08"
  }],
  "url" : "http://fhir.health.gov.il/cs/patient-admit-source-moh",
  "version" : "0.13.1",
  "name" : "PatientAdmitSourceMoH",
  "title" : "Patient Admit Source MoH",
  "status" : "draft",
  "experimental" : false,
  "date" : "2023-12-04T20:12:04+01:00",
  "publisher" : "Israel Core Team",
  "contact" : [{
    "name" : "Israel Core Team",
    "telecom" : [{
      "system" : "email",
      "value" : "ido.levin@moh.gov.il"
    }]
  },
  {
    "name" : "Kippi Bordowitz",
    "telecom" : [{
      "system" : "email",
      "value" : "ido.levin@moh.gov.il"
    }]
  }],
  "description" : "Moh Codes for Patient Admit Source",
  "caseSensitive" : false,
  "valueSet" : "http://fhir.health.gov.il/ValueSet/patient-admit-source-moh",
  "content" : "example",
  "concept" : [{
    "code" : "1",
    "display" : "מוסד רפ' אחר"
  },
  {
    "code" : "2",
    "display" : "מוסד לא רפואי"
  },
  {
    "code" : "5",
    "display" : "אשפוז יום"
  },
  {
    "code" : "6",
    "display" : "מח' אשפוז בבי\"ח"
  },
  {
    "code" : "7",
    "display" : "ממיון בבי\"ח"
  },
  {
    "code" : "8",
    "display" : "ממרפאה בבי\"ח"
  },
  {
    "code" : "10",
    "display" : "כללית"
  },
  {
    "code" : "11",
    "display" : "מכבי"
  },
  {
    "code" : "12",
    "display" : "מאוחדת"
  },
  {
    "code" : "13",
    "display" : "לאומית"
  },
  {
    "code" : "15",
    "display" : "שר\"פ / מלר\"ם"
  },
  {
    "code" : "16",
    "display" : "ביטוח לאומי"
  },
  {
    "code" : "17",
    "display" : "לידה"
  },
  {
    "code" : "18",
    "display" : "ביקור רדיולוגיה"
  },
  {
    "code" : "19",
    "display" : "ביק. חוזר במיון"
  },
  {
    "code" : "20",
    "display" : "מרופא פרטי"
  },
  {
    "code" : "21",
    "display" : "מרפאת מהגרים"
  },
  {
    "code" : "22",
    "display" : "מדא מרשות ציבור"
  },
  {
    "code" : "23",
    "display" : "אמבולנס נתב''ג"
  },
  {
    "code" : "24",
    "display" : "רופא בית חולים"
  },
  {
    "code" : "30",
    "display" : "מד\"א"
  },
  {
    "code" : "31",
    "display" : "שח\"ל"
  },
  {
    "code" : "32",
    "display" : "נט\"ן"
  },
  {
    "code" : "33",
    "display" : "נ.ט.ל.י"
  },
  {
    "code" : "34",
    "display" : "טרם"
  },
  {
    "code" : "35",
    "display" : "לשכת בריאות"
  },
  {
    "code" : "36",
    "display" : "אמבולנס"
  },
  {
    "code" : "38",
    "display" : "פסיכיאטר מחוזי"
  },
  {
    "code" : "39",
    "display" : "ביקור רופא"
  },
  {
    "code" : "40",
    "display" : "צה\"ל"
  },
  {
    "code" : "41",
    "display" : "משטרה"
  },
  {
    "code" : "42",
    "display" : "צה\"ל-מזור"
  },
  {
    "code" : "45",
    "display" : "שרות בתי הסוהר"
  },
  {
    "code" : "46",
    "display" : "משרד הביטחון"
  },
  {
    "code" : "47",
    "display" : "רשות פלסטינאית"
  },
  {
    "code" : "48",
    "display" : "מאוחדת חיילים"
  },
  {
    "code" : "49",
    "display" : "לאומית חיילים"
  },
  {
    "code" : "50",
    "display" : "פניה עצמית"
  },
  {
    "code" : "51",
    "display" : "מעסיק/ת.עבודה"
  },
  {
    "code" : "52",
    "display" : "הפניה טלפונית"
  },
  {
    "code" : "53",
    "display" : "כללית חיילים"
  },
  {
    "code" : "54",
    "display" : "מכבי חיילים"
  },
  {
    "code" : "55",
    "display" : "כללית מכביה"
  },
  {
    "code" : "56",
    "display" : "ביקור רופא צה\"ל"
  },
  {
    "code" : "57",
    "display" : "מוקד רפואי ק\"ש"
  },
  {
    "code" : "60",
    "display" : "אחות בית ספר"
  },
  {
    "code" : "61",
    "display" : "תחנה לבריאות המ"
  },
  {
    "code" : "62",
    "display" : "שרותי רווחה"
  },
  {
    "code" : "74",
    "display" : "איחוד הצלה"
  },
  {
    "code" : "85",
    "display" : "קבלת אחסון גויה"
  },
  {
    "code" : "98",
    "display" : "מסוק"
  },
  {
    "code" : "99",
    "display" : "לא ידוע"
  },
  {
    "code" : "Z1",
    "display" : "הסבה-המשך טיפול"
  },
  {
    "code" : "Z2",
    "display" : "הסבה-מקופ\"ח"
  },
  {
    "code" : "Z4",
    "display" : "הסבה-פניה טלפון"
  }]
}