{
  "packages" : [
    {
      "path" : "package-list.json",
      "package-id" : "health.gov.il.fhir.core",
      "title" : "IL Core Implementation Guide",
      "canonical" : "http://fhir.health.gov.il",
      "category" : "National Core",
      "ci-build" : "http://build.fhir.org/ig/",
      "version-count" : 1,
      "latest" : {
        "version" : "0.13.1",
        "date" : "2023-12-04",
        "path" : "http://fhir.health.gov.il/0.12.0"
      },
      "milestone" : {
        "version" : "0.13.1",
        "date" : "2023-12-04",
        "path" : "http://fhir.health.gov.il/0.12.0"
      }
    }
  ]
}
