URL,Version,Status,OIDs,Name,Title,Descriptino,Used
http://fhir.health.gov.il/cs/city-symbol,0.15.0,draft,,CitySymbol,City Symbol (סמל ישוב),"Codes for cities in Israel","ValueSet/city-symbol"
http://fhir.health.gov.il/cs/department-type-moh,0.15.0,draft,,DepartmentTypeMoH,Department Type MoH,"Israel ministry of health coding system for department types","ValueSet/department-type-moh"
http://fhir.health.gov.il/cs/hebrew-date-day,0.15.0,draft,,HebrewDateDay,Hebrew Date Day,"Codes for Hebrew date days","ValueSet/hebrew-date-day"
http://fhir.health.gov.il/cs/hebrew-date-month,0.15.0,draft,,HebrewDateMonth,Hebrew Date Month,"Codes for Hebrew date months","ValueSet/hebrew-date-month"
http://fhir.health.gov.il/cs/icd9il,0.15.0,draft,,ICD9IL,ICD9IL: Adendum to ICD9 according to codes by Israeli MoH,"Strings for procedures and diagnoses, added to ICD9","ValueSet/icd9il-procedures,ValueSet/icd9il-diagnoses"
http://fhir.health.gov.il/cs/il-core-coverage-class,0.15.0,draft,,ILCoreCoverageClass,IL Core Coverage Class codes,"Codes for Coverage classes","ValueSet/il-core-coverage-class"
http://fhir.health.gov.il/cs/il-core-coverage-premium-type,0.15.0,draft,,ILCoreCoveragePremiumType,IL Core Coverage Premium Type codes,"Codes for Types of premium payment methods","ValueSet/il-core-premium-type"
http://fhir.health.gov.il/cs/il-core-coverage-type,0.15.0,draft,,ILCoreCoverageType,IL Core Coverage Type codes,"Codes for expressing general heigh level coverage types unique to Israel health system","ValueSet/il-core-coverage-type"
http://fhir.health.gov.il/cs/il-core-encounter-class,0.15.0,draft,,ILCoreEncounterClass,IL Core Encounter Class codes,"A list of codes for class types of encounters","ValueSet/il-core-encounter-class"
http://fhir.health.gov.il/cs/il-core-error-code,0.15.0,draft,,ILCoreErrorCode,IL Core Error code,"A list of error codes for ILCore profiles","ValueSet/tofes17-error-codes"
http://fhir.health.gov.il/cs/il-core-medication-course-of-therapy-type,0.15.0,draft,,ILCoreMedicationCourseOfTherapyType,Codes for Medication Course of therpy types,"A list of codes for Medication Course of therpy types","ValueSet/il-core-medication-course-of-therapy-type"
http://fhir.health.gov.il/cs/il-core-medicationrequest-category,0.15.0,draft,,ILCoreMedicationCategory,Codes for MedicationRequest categories,"A list of codes for MedicationRequest categories","ValueSet/il-core-medication-request-category,ValueSet/il-core-medication-administrartion-category,ValueSet/il-core-medication-statement-category"
http://fhir.health.gov.il/cs/il-core-not-performed-reason,0.15.0,draft,,ILCoreNotPerformedReason,IL Core Not Perfomed Reasons,"A list of codes for reasons an observation was not made","ValueSet/il-core-not-performed-reason"
http://fhir.health.gov.il/cs/il-core-religion-code,0.15.0,draft,,ILCoreReligionCode,IL Core relirion code,"Codes for religions, an addendum to the HL7 religions CodeSystem","ValueSet/il-core-religion-code,ConceptMap/ILCoreReligions"
http://fhir.health.gov.il/cs/institution-type-moh,0.15.0,draft,,InstitutionTypeMoH,סוג מוסד לפי רישוי משרד הבריאות,"סוג מוסד לפי רישוי משרד הבריאות - הרוב המכריע נמצא בפרסום המאגר של רישוי מוסדות של משרד הבריאות","ValueSet/institution-type-moh"
http://fhir.health.gov.il/cs/medical-service-moh,0.15.0,draft,,MedicalServiceMoH,קוד מוצר או שירות על פי משרד הבריאות,"קוד שירותים רפואיים , כולל שירותים באשפוז, שירותים אמבולטוריים, רפואת שיניים ובריאות הנפש   Codes for medical services. Note that while this code system closely resembles CPT and includes a large number of CPT codes, there are some additional codes that are not covered by CPT and, more importantly, some cases where CPT codes are remapped and have different semantic meanings (e.g., code #28899 has two different meanings in CPT and in MoH codesytem). Therefore, despite apparent resemblance, this code system MUST NOT be treated as CPT.","ValueSet/il-core-procedure-code,ValueSet/medical-service-moh"
http://fhir.health.gov.il/cs/moh-tofes17-issue-code,0.15.0,draft,,MohTofes17IssueCode,Moh Form-17 Issue Code,"קודי שגיאה \ סירוב לתהליכים הקשורים לטופס 17","ValueSet/tofes17-reject-codes,ValueSet/tofes17-error-codes"
http://fhir.health.gov.il/cs/patient-admit-source-moh,0.15.0,draft,,PatientAdmitSourceMoH,Patient Admit Source MoH,"Moh Codes for Patient Admit Source","ValueSet/moh-admit-source,ValueSet/patient-admit-source-moh"
http://fhir.health.gov.il/cs/patient-release-type-moh,0.15.0,draft,,PatientRealeaseTypeMoH,Patient Realease Type MoH,"Moh Codes for Patient Realease Type","ValueSet/patient-release-type-moh"
http://fhir.health.gov.il/cs/patient-visit-reason-moh,0.15.0,draft,,PatientVisitReasonMoH,Patient Visit Reason MoH,"Moh Codes for Patient Visit Reason","ValueSet/patient-visit-reason-moh"
http://fhir.health.gov.il/cs/paying-entity-moh,0.15.0,draft,,PayingEntityMoH,Payer (Paying Entity / גורם משלם),"Codes for different paying entities in Israel; including HMOs, IDF, MoD, PLA, Prison system","ValueSet/israel-hmo"
http://fhir.health.gov.il/cs/practitioner-advanced-course-moh,0.15.0,draft,,PractitionerAdvancedCourseMoH,Ministry of Health practitioner advanced courses codes,"Codes for practitioner advanced courses according to Israeli MoH","ValueSet/practitioner-advanced-course-moh"
http://fhir.health.gov.il/cs/practitioner-certificate-type-moh,0.15.0,draft,,PractitionerCertificateTypeMoH,MoH Certificate Types,"A list of codes for certificate types according to Israeli MoH","ValueSet/practitioner-certificate-type"
http://fhir.health.gov.il/cs/practitioner-certificate-type-molsa,0.15.0,draft,,PractitionerCertificateTypeMoLSA,MoLSA Certificate Types,"A list of codes for certificate types according to Israeli MoLSA","ValueSet/practitioner-certificate-type"
http://fhir.health.gov.il/cs/practitioner-expertise-moh,0.15.0,draft,,PractitionerExpertiseMoH,קוד מומחיות לעוסק בבריאות,"קוד מומחיות לעוסק בבריאות לפי רישוי משרד הבריאות","ValueSet/practitioner-expertise-moh"
http://fhir.health.gov.il/cs/practitioner-profession-moh,0.15.0,draft,,PractitionerProfessionMoH,קוד מקצוע לעוסק בבריאות,"קוד מקצוע לעוסק בבריאות לפי רישוי משרד הבריאות","ValueSet/practitioner-profession-moh,ValueSet/practitioner-nurse-profession-moh"
http://hl7.org/fhir/sid/cvx,4.0.0,active,"2.16.840.1.113883.12.292",CVX,Vaccine Administered Code Set (CVX),"The CDC's National Center of Immunization and Respiratory Diseases (NCIRD - see [https://www.cdc.gov/ncird/](https://www.cdc.gov/ncird/)) developed and maintains the CVX (vaccine administered) code set. It includes both active and inactive vaccines available in the US. CVX codes for inactive vaccines allow transmission of historical immunization records. When a MVX (manufacturer) code is paired with a CVX (vaccine administered) code, the specific trade named vaccine may be indicated. These codes should be used for immunization messages using either HL7 Version 2.3.1 or HL7 Version 2.5.1. CVX is the underlying Master Code System for V2 table 0292 (Vaccines Administered). The machine readable name for CVX in PHIN VADS is PH_VaccinesAdministeredCVX_CDC_NIP. The version of the CVX code set for certification can be found on the archive page:[https://www2a.cdc.gov/vaccines/iis/iisstandards/mu3versioned_codes.asp](https://www2a.cdc.gov/vaccines/iis/iisstandards/mu3versioned_codes.asp)     The Status column indicates if the vaccine is currently available in the United States.    *  Active: A currently available administrable vaccine     *  Inactive: An administrable vaccine formulation that is no longer available for patient administration, but can be found in historical patient records OR A historical record of a vaccine administered where the exact formulation is unknown     *  Pending: A vaccine that is expected to become active in the future     *  Non-US: A vaccine that available outside the US only     *  Never Active: A vaccine that was never available and is not in the pipeline of new vaccines     The Last Updated column indicates the last time this particular vaccine code was updated in this table.    Questions regarding this table should be directed to the IIS Technical Assistance Team via iisinfo@cdc.gov (or use mailing address via [https://www2a.cdc.gov/vaccines/iis/iisstandards/vaccines.asp?rpt=cvx#addr](https://www2a.cdc.gov/vaccines/iis/iisstandards/vaccines.asp?rpt=cvx#addr))     HL7 Implementers should note that 'Status' IS NOT CONCEPT STATUS as all codes are ACTIVE in this code system.    The current code system is available via [https://www2a.cdc.gov/vaccines/iis/iisstandards/vaccines.asp?rpt=cvx](https://www2a.cdc.gov/vaccines/iis/iisstandards/vaccines.asp?rpt=cvx)","ValueSet/vaccine-product-code,ValueSet/il-core-substance"
http://hl7.org/fhir/sid/icd-10,2.1.1,retired,"2.16.840.1.113883.6.3",Icd10,ICD-10,"International Classification of Diseases revision 10 (ICD 10)","ValueSet/il-core-condition-code,ValueSet/il-core-manifestation,ValueSet/il-core-allergy-intolerance-code"
http://hl7.org/fhir/sid/icd-10-cm,2.0.1,active,"2.16.840.1.113883.6.90",Icd10CM,International Classification of Diseases, 10th Revision, Clinical Modification (ICD-10-CM),"The International Classification of Diseases, 10th Revision, Clinical Modification (ICD-10-CM), describes the classification of morbidity and mortality information for statistical purposes and for the indexing of healthcare records by diseases. The ICD-10-CM codes can be used as the value of the Act.cd attribute.","ValueSet/il-core-condition-code,ValueSet/il-core-manifestation,ValueSet/il-core-allergy-intolerance-code"
http://israeldrugs.health.gov.il,0.15.0,draft,,MoHMedicationCode,MoH Medication Codes,"Codes for medications according to MoH catalogue","ValueSet/moh-medication-code,ValueSet/il-core-medication-code"
http://loinc.org,3.1.0,active,"2.16.840.1.113883.6.1",LOINC,Logical Observation Identifiers, Names and Codes (LOINC),"LOINC provides a set of universal names and ID codes for identifying laboratory and clinical test results.1,2 LOINC facilitates the exchange and pooling of results, such as blood hemoglobin, serum potassium, or vital signs, for clinical care, outcomes management, and research. LOINC's universal identifiers (names and codes) can be used in the context of order and observation exchanges between information systems that use syntax standards such as HL73, CEN TC251, ISO TC215, ASTM4, and DICOM. Specifically, the identifier can be used as the coded value for an observation in any other standard that uses the observation/observation value paradigm, whether messages, documents, application programming interface (API), etc. For example, LOINC codes are used widely in the OBX segment Observation Identifier field (OBX-3) of an ORU HL7 (HL7 version 2.x or ASTM 1238-9410) message that may be sent between a Clinical Laboratory Information Management Systems (LIMS) and Electronic Health Record Systems (EHR).5, 6 In this way, LOINC codes provide universal identifiers that allow the exchange of clinical data between heterogeneous computing environments.","ValueSet/il-core-procedure-code,ValueSet/il-core-observation-lab-code,ValueSet/il-core-observation-code,ValueSet/il-core-observation-value"
http://snomed.info/sct,null,active,"2.16.840.1.113883.6.96",SNOMED_CT,SNOMED CT (all versions),"SNOMED CT is the most comprehensive and precise clinical health terminology product in the world, owned and distributed around the world by The International Health Terminology Standards Development Organisation (IHTSDO).","ValueSet/il-core-procedure-code,ValueSet/il-core-virtual-type,ValueSet/il-core-route-code,ValueSet/organization-type,ValueSet/reason-not-done,ValueSet/il-core-doctor-to-doctor,ValueSet/immunization-side-effect,ValueSet/additional-instruction-codes,ValueSet/il-core-observation-value,ValueSet/target-disease,ValueSet/approach-site-codes,ValueSet/il-core-condition-category,ValueSet/immunization-body-site,ValueSet/medication-form-codes,ValueSet/il-core-observation-code,ValueSet/body-site,ValueSet/il-core-units-of-measure,ValueSet/il-core-medication-code,ValueSet/medication-as-needed-reason,ValueSet/vaccine-code,ValueSet/il-core-allergy-intolerance-end-reason,ValueSet/il-core-service-category,ValueSet/route-codes,ValueSet/il-core-substance,ValueSet/il-core-common-units-of-measure,ValueSet/il-core-condition-code,ValueSet/il-core-medication-statement-code,ValueSet/observation-methods,ValueSet/il-core-manifestation,ValueSet/il-core-allergy-intolerance-code,ValueSet/administration-method-codes,ValueSet/il-core-service-type"
http://terminology.hl7.org/CodeSystem/admit-source,0.1.0,draft,"2.16.840.1.113883.4.642.1.1092",AdmitSource,Admit source,"This value set defines a set of codes that can be used to indicate from where the patient came in.","ValueSet/moh-admit-source"
http://terminology.hl7.org/CodeSystem/condition-category,0.5.0,draft,"2.16.840.1.113883.4.642.1.1073",ConditionCategoryCodes,Condition Category Codes,"Preferred value set for Condition Categories.","ValueSet/il-core-condition-category"
http://terminology.hl7.org/CodeSystem/dose-rate-type,0.1.0,draft,"2.16.840.1.113883.4.642.1.1069",DoseAndRateType,DoseAndRateType,"The kind of dose or rate specified.","ValueSet/dose-rate-type"
http://terminology.hl7.org/CodeSystem/icd-o-3,2.0.1,active,"2.16.840.1.113883.6.43.1",IcdO3,International Classification of Diseases for Oncology, version 3.,"International Classification of Diseases for Oncology, version 3. For more information see http://www.who.int/classifications/icd/adaptations/oncology/en/.","ValueSet/il-core-condition-code"
http://terminology.hl7.org/CodeSystem/medicationrequest-course-of-therapy,0.1.0,draft,"2.16.840.1.113883.4.642.1.1327",MedicationRequestCourseOfTherapyCodes,MedicationRequest Course of Therapy Codes,"MedicationRequest Course of Therapy Codes","ValueSet/il-core-medication-course-of-therapy-type"
http://terminology.hl7.org/CodeSystem/v2-0131,2.1.0,active,"2.16.840.1.113883.18.58",ContactRole2,contactRole2,"Code system of concepts which specify a relationship role that the next of kin/associated parties plays with regard to the patient. Also used in referrals, for example, it may be necessary to identify the contact representative at the clinic that sent a referral. Used in HL7 Version 2 messaging in the NK1 and CTD segments after 2.5, when it replace 2.16.840.1.113883.18.57.","ValueSet/patient-relationship-type"
http://terminology.hl7.org/CodeSystem/v3-ActCode,8.0.1,active,"2.16.840.1.113883.5.4",ActCode,ActCode,"A code specifying the particular kind of Act that the Act-instance represents within its class.    *Constraints:* The kind of Act (e.g. physical examination, serum potassium, inpatient encounter, charge financial transaction, etc.) is specified with a code from one of several, typically external, coding systems. The coding system will depend on the class of Act, such as LOINC for observations, etc.    Conceptually, the Act.code must be a specialization of the Act.classCode. This is why the structure of ActClass domain should be reflected in the superstructure of the ActCode domain and then individual codes or externally referenced vocabularies subordinated under these domains that reflect the ActClass structure.    Act.classCode and Act.code are not modifiers of each other but the Act.code concept should really imply the Act.classCode concept. For a negative example, it is not appropriate to use an Act.code ""potassium"" together with and Act.classCode for ""laboratory observation"" to somehow mean ""potassium laboratory observation"" and then use the same Act.code for ""potassium"" together with Act.classCode for ""medication"" to mean ""substitution of potassium"". This mutually modifying use of Act.code and Act.classCode is not permitted.","ValueSet/il-core-encounter-class"
http://terminology.hl7.org/CodeSystem/v3-ReligiousAffiliation,2.1.0,active,"2.16.840.1.113883.5.1076",ReligiousAffiliation,Religious Affiliation,"Assigment of spiritual faith affiliation","ValueSet/il-core-religion-code,ConceptMap/ILCoreReligions"
http://terminology.hl7.org/CodeSystem/v3-RoleCode,2.2.0,active,"2.16.840.1.113883.5.111",RoleCode,RoleCode,"A set of codes further specifying the kind of Role; specific classification codes for further qualifying RoleClass codes.","ValueSet/il-core-parent-name-role,ValueSet/patient-relationship-type"
http://terminology.hl7.org/CodeSystem/v3-RouteOfAdministration,2.1.0,active,"2.16.840.1.113883.5.112",RouteOfAdministration,RouteOfAdministration,"The path the administered medication takes to get into the body or into contact with the body.","ValueSet/immunization-route"
http://unitsofmeasure.org,3.0.1,active,"2.16.840.1.113883.6.8",UCUM,Unified Code for Units of Measure (UCUM),"The Unified Code for Units of Measure (UCUM) is a code system intended to include all units of measures being contemporarily used in international science, engineering, and business. The purpose is to facilitate unambiguous electronic communication of quantities together with their units. The focus is on electronic communication, as opposed to communication between humans. A typical application of The Unified Code for Units of Measure are electronic data interchange (EDI) protocols, but there is nothing that prevents it from being used in other types of machine communication.","ValueSet/age-units,ValueSet/il-core-units-of-measure"
http://www.nlm.nih.gov/research/umls/rxnorm,3.0.1,active,"2.16.840.1.113883.6.88",RxNorm,RxNorm,"RxNorm provides normalized names for clinical drugs and links its names to many of the drug vocabularies commonly used in pharmacy management and drug interaction software, including those of First Databank, Micromedex, and Gold Standard Drug Database. By providing links between these vocabularies, RxNorm can mediate messages between systems not using the same software and vocabulary. RxNorm now includes the United States Pharmacopeia (USP) Compendial Nomenclature from the United States Pharmacopeial Convention. USP is a cumulative data set of all Active Pharmaceutical Ingredients (API).","ValueSet/il-core-medication-code"
http://www.whocc.no/atc,2.0.1,active,"2.16.840.1.113883.6.73",WC,WHO ATC,"WHO ATC","ValueSet/vaccine-product-code,ValueSet/il-core-medication-code"
http://yarpa.co.il/catalog,0.15.0,draft,,YarpaMedicationCode,Yarpa Medication Codes,"Codes for medications according to 'Yarpa' catalogue","ValueSet/yarpa-medication-code"
urn:ietf:rfc:3986,0.15.0,draft,,ILCoreURN,CodeSyestem for URNs,"Codes for for URNs of different kinds, instead of using urn:ietf:rfc:3986 and urn:iso:std:iso:3166 as CodeSystem identifiers","ValueSet/statistical-area-uri,ValueSet/passport-uri"
urn:iso:std:iso:3166,1.0.0,active,"1.0.3166.1",ISO3166Part1,ISO 3166-1 Codes for the representation of names of countries and their subdivisions — Part 1: Country code,"ISO 3166-1 establishes codes that represent the current names of countries, dependencies, and other areas of particular geopolitical interest, on the basis of country names obtained from the United Nations.","ValueSet/il-core-jurisdiction"
