URL,Version,Status,OIDs,Name,Title,Descriptino,Uses,Used,Sources
http://fhir.health.gov.il/ValueSet/city-symbol,0.15.0,draft,,CitySymbol,City Symbol (סמל ישוב),"City classification according to the Israeli Postal Company city-symbol coding system","StructureDefinition/ext-city-code","Internal"
http://fhir.health.gov.il/ValueSet/department-type-moh,0.15.0,draft,,DepartmentTypeMoH,Department Type MoH,"Israel ministry of health coding system for department types","StructureDefinition/il-core-organization","Internal"
http://fhir.health.gov.il/ValueSet/hebrew-date-day,0.15.0,draft,,HebrewDateDay,Hebrew Date Day,"Codes for Hebrew date days","StructureDefinition/ext-hebrew-date","Internal"
http://fhir.health.gov.il/ValueSet/hebrew-date-month,0.15.0,draft,,HebrewDateMonth,Hebrew Date Month,"Codes for Hebrew date months","StructureDefinition/ext-hebrew-date","Internal"
http://fhir.health.gov.il/ValueSet/icd9-cm-diagnoses,0.15.0,draft,,Icd9CmDiagnoses,Icd9 Cm diagnoses,"All Diagnosis codes from ICD9-CM codesystem","ValueSet/il-core-condition-code,ValueSet/il-core-manifestation,ValueSet/il-core-allergy-intolerance-code","FHIR"
http://fhir.health.gov.il/ValueSet/icd9-cm-procedures,0.15.0,draft,,Icd9CmProcedures,Icd9 Cm Procedures,"All Procedure codes from ICD9-CM codesystem","ValueSet/il-core-procedure-code","FHIR"
http://fhir.health.gov.il/ValueSet/icd9il-diagnoses,0.15.0,draft,,ICD9ILDiagnoses,ICD9 IL Diagnoses,"codes of diagnoses from ICD9-IL","ValueSet/il-core-condition-code,ValueSet/il-core-manifestation,ValueSet/il-core-allergy-intolerance-code","Internal"
http://fhir.health.gov.il/ValueSet/icd9il-procedures,0.15.0,draft,,ICD9ILProcedures,ICD9 IL Procedures,"codes of procedures from ICD9-IL","ValueSet/il-core-procedure-code","Internal"
http://fhir.health.gov.il/ValueSet/il-core-allergy-intolerance-code,0.15.0,draft,,ILCoreAllergyIntoleranceCode,IL Core Allergy Intolerance Code,"A list of codes for Allergy Intolerance for the IL Core","StructureDefinition/il-core-allergy-intolerance","SCT,hl7.terminology.r4"
http://fhir.health.gov.il/ValueSet/il-core-allergy-intolerance-end-reason,0.15.0,draft,,ILCoreAllergyIntoleranceEndReason,IL Core Condition End Reason,"A list of codes for End Reasons of Allergy Intolerance for the IL Core","StructureDefinition/ext-allergy-intolerance-end","SCT"
http://fhir.health.gov.il/ValueSet/il-core-common-units-of-measure,0.15.0,draft,,ILCoreCommonUnitsOfMeasure,IL Core Units Of Measure Codes,"A list of codes for Units Of Measure for the IL Core. <mark>Note:</mark> UCUM code SHALL be used, unless one cannot be found, in which case a SNOMED-CT code SHALL be used","StructureDefinition/il-core-medication-administration,StructureDefinition/il-core-dosage","SCT,FHIR"
http://fhir.health.gov.il/ValueSet/il-core-condition-category,0.15.0,draft,,ILCoreConditionCategory,IL Core Condition Category Codes,"A list of category codes for conditions for the IL Core","StructureDefinition/il-core-condition","SCT,THO"
http://fhir.health.gov.il/ValueSet/il-core-condition-code,0.15.0,draft,,ILCoreConditionCode,IL Core Condition Code,"A list of codes for conditions for the IL Core","ValueSet/il-core-procedure-reason,StructureDefinition/il-core-procedure,StructureDefinition/il-core-condition","SCT,THO,hl7.terminology.r4"
http://fhir.health.gov.il/ValueSet/il-core-coverage-class,0.15.0,draft,,ILCoreCoverageClass,IL Core Coverage Class codes,"Codes for Coverage classes",,"Internal"
http://fhir.health.gov.il/ValueSet/il-core-coverage-type,0.15.0,draft,,ILCoreCoverageType,IL Core Coverage Type codes,"Codes for expressing general heigh level coverage types unique to Israel health system",,"Internal,FHIR"
http://fhir.health.gov.il/ValueSet/il-core-doctor-to-doctor,0.15.0,draft,,ILCoreDoctorToDoctor,IL Core Doctor To Doctor Codes,"Codes for Doctor To Doctor encounter for the IL Core","StructureDefinition/il-core-encounter","SCT"
http://fhir.health.gov.il/ValueSet/il-core-encounter-class,0.15.0,draft,,ILCoreEncounterClass,IL Core Encounter Class Codes,"A list of class codes for Encounters for the IL Core","StructureDefinition/il-core-encounter","THO (V3),Internal"
http://fhir.health.gov.il/ValueSet/il-core-jurisdiction,0.15.0,draft,,ILCoreJurisdiction,Country Codes,"Codes for countries according to ISO 3166","StructureDefinition/il-core-address,StructureDefinition/il-core-location,StructureDefinition/ext-patient-immigration","hl7.terminology.r4"
http://fhir.health.gov.il/ValueSet/il-core-manifestation,0.15.0,draft,,ILCoreManifestation,IL Core Condition Codes,"A list of codes for intolerance manifestation for the IL Core","StructureDefinition/il-core-allergy-intolerance","SCT,hl7.terminology.r4"
http://fhir.health.gov.il/ValueSet/il-core-medication-administration-category,0.15.0,draft,,ILCoreMedicationAdministrartionCategory,ILCore Medication administrartion Category,"Codes for Medication administrartion Category","StructureDefinition/il-core-medication-administration","Internal"
http://fhir.health.gov.il/ValueSet/il-core-medication-code,0.15.0,draft,,ILCoreMedicationCode,ILCore Medication Code,"Codes for medications according to ILCore catalogue","StructureDefinition/il-core-medication,ValueSet/il-core-medication-statement-code,ValueSet/il-core-substance,StructureDefinition/il-core-medication-request","SCT,Internal,hl7.terminology.r4,Other,RxNorm"
http://fhir.health.gov.il/ValueSet/il-core-medication-course-of-therapy-type,0.15.0,draft,,ILCoreMedicationCourseOfTherapyType,ILCore Medication Course Of Therapy type,"Codes for Medication Course Of Therapy","StructureDefinition/ext-medication-course-of-therapy-type,StructureDefinition/il-core-medication-request","Internal,THO"
http://fhir.health.gov.il/ValueSet/il-core-medication-request-category,0.15.0,draft,,ILCoreMedicationRequestCategory,ILCore Medication Request Category,"Codes for Medication Request Category","StructureDefinition/il-core-medication-request","Internal"
http://fhir.health.gov.il/ValueSet/il-core-medication-statement-category,0.15.0,draft,,ILCoreMedicationStatementCategory,ILCore Medication statement Category,"Codes for Medication statement Category","StructureDefinition/il-core-medication-statement","Internal"
http://fhir.health.gov.il/ValueSet/il-core-medication-statement-code,0.15.0,draft,,ILCoreMedicationStatementCode,ILCore Medication statement Code,"Codes for Medication statement Code","StructureDefinition/il-core-medication-statement,StructureDefinition/il-core-medication-administration","SCT"
http://fhir.health.gov.il/ValueSet/il-core-not-performed-reason,0.15.0,draft,,ILCoreNotPerformedReason,IL Core procedure Reason,"A list of codes for procedure reasons for the IL Core",,"Internal"
http://fhir.health.gov.il/ValueSet/il-core-observation-code,0.15.0,draft,,ILCoreObservationCode,IL Core Observation Codes,"A list of code codes for observations for the IL Core","StructureDefinition/il-core-observation,StructureDefinition/il-core-observation-lab","SCT,LOINC"
http://fhir.health.gov.il/ValueSet/il-core-observation-lab-code,0.15.0,draft,,ILCoreObservationLabCode,IL Core Observation Lab Code,"A list of lab-code codes for lab observations for the IL Core","StructureDefinition/il-core-observation-lab","LOINC"
http://fhir.health.gov.il/ValueSet/il-core-observation-value,0.15.0,draft,,ILCoreObservationValue,IL Core Observation Value Codes,"A list of value codes for observations for the IL Core   Note: The entire LOINC code system is included in this ValueSet although it should only include LOINC Answers - LOINC codes that start with 'LA'. Since there is no computable way to define a ValueSet according to the code's prefix, we rely on an invariant to enforce this rule.","StructureDefinition/il-core-observation,StructureDefinition/il-core-observation-lab","SCT,LOINC"
http://fhir.health.gov.il/ValueSet/il-core-parent-name-role,0.15.0,draft,,ILCoreParentNameRole,The role of the parent (father/mother) whose name is recorded,"This set of codes is used to mark a parent name as a father or mother’s name. Should only be used by systems that explicitly differentiate between the two.","StructureDefinition/ext-administrative-parent-name","THO (V3)"
http://fhir.health.gov.il/ValueSet/il-core-premium-type,0.15.0,draft,,ILCoreCoveragePremiumType,IL Core Coverage Premium Type codes,"Codes for Types of premium payment methods",,"Internal"
http://fhir.health.gov.il/ValueSet/il-core-procedure-code,0.15.0,draft,,ILCoreProcedureCode,IL Core procedure Codes,"A list of codes for procedures for the IL Core","ValueSet/il-core-procedure-reason,StructureDefinition/il-core-procedure,StructureDefinition/il-core-service-request","SCT,Internal,LOINC"
http://fhir.health.gov.il/ValueSet/il-core-procedure-reason,0.15.0,draft,,ILCoreProcedureReason,IL Core procedure Reason,"A list of codes for procedure reasons for the IL Core","StructureDefinition/il-core-medication-statement,StructureDefinition/il-core-procedure,StructureDefinition/il-core-medication-request,StructureDefinition/il-core-service-request",
http://fhir.health.gov.il/ValueSet/il-core-route-code,0.15.0,draft,,ILCoreRouteCode,IL Core Route Code,"A list of codes for Route for the IL Core","StructureDefinition/il-core-allergy-intolerance","SCT"
http://fhir.health.gov.il/ValueSet/il-core-service-category,0.15.0,draft,,ILCoreServiceCategory,IL Core ServiceCategory,"A list of codes for Service Category for the IL Core","StructureDefinition/il-core-service-request","SCT"
http://fhir.health.gov.il/ValueSet/il-core-service-type,0.15.0,draft,,ILCoreServiceType,IL Core Service type,"A list of codes for Service types for the IL Core","StructureDefinition/il-core-encounter","SCT"
http://fhir.health.gov.il/ValueSet/il-core-substance,0.15.0,draft,,ILCoreSubstance,IL Core Substance Codes,"A list of codes for Substances for the IL Core","ValueSet/il-core-allergy-intolerance-code,StructureDefinition/il-core-allergy-intolerance","SCT,hl7.terminology.r4"
http://fhir.health.gov.il/ValueSet/il-core-units-of-measure,0.15.0,draft,,ILCoreUnitsOfMeasure,IL Core Units Of Measure Codes,"A list of codes for Units Of Measure for the IL Core. <mark>Note:</mark> UCUM code SHALL be used, unless one cannot be found, in which case a SNOMED-CT code SHALL be used",,"UCUM,SCT"
http://fhir.health.gov.il/ValueSet/il-core-virtual-type,0.15.0,draft,,ILCoreVirtualType,IL Core Virtual encounter Type Codes,"A list of type codes for Virtual Encounters for the IL Core","StructureDefinition/il-core-encounter","SCT"
http://fhir.health.gov.il/ValueSet/il-religion-code,0.15.0,draft,,ILCoreReligionCode,IL Core Religion Code,"A list of codes for Religion for the IL Core",,"THO (V3),Internal"
http://fhir.health.gov.il/ValueSet/immunization-body-site,0.15.0,draft,,ImmunizationBodySite,Immunization Observation Body Site list,"All codes from SNOMED CT describing body sites for Immunization Observation","StructureDefinition/il-core-immunization","SCT"
http://fhir.health.gov.il/ValueSet/immunization-side-effect,0.15.0,draft,,ImmunizationSideEffects,Immunization side-effect codes,"Codes from SNOMED CT detailing possible immunization-side-effects for ILCoreImmunizationReactionObservation profile","StructureDefinition/il-core-immunization-reaction-observation","SCT"
http://fhir.health.gov.il/ValueSet/institution-type-moh,0.15.0,draft,,InstitutionTypeMoH,סוג מוסד לפי רישוי משרד הבריאות,"סוג מוסד לפי רישוי משרד הבריאות - הרוב המכריע נמצא בפרסום המאגר של רישוי מוסדות של משרד הבריאות","StructureDefinition/il-core-organization","Internal"
http://fhir.health.gov.il/ValueSet/israel-hmo,0.15.0,draft,,IsraelHMO,Israeli Health Management Organization (קופת חולים),"A code classifying Health Management Organizations","StructureDefinition/ext-il-hmo","Internal,Other"
http://fhir.health.gov.il/ValueSet/medical-service-moh,0.15.0,draft,,MedicalServiceMoH,קוד מוצר או שירות,"קוד שירותים רפואיים , כולל שירותים באשפוז, שירותים אמבולטוריים, רפואת שיניים ובריאות הנפש",,"Internal"
http://fhir.health.gov.il/ValueSet/moh-admit-source,0.15.0,draft,,MoHAdmitSource,MoH Admit Source Codes,"Codes for admit source according to MoH catalogue","StructureDefinition/il-core-encounter","Internal,THO"
http://fhir.health.gov.il/ValueSet/moh-medication-code,0.15.0,draft,,MoHMedicationCode,MoH Medication Code,"Codes for medications according to MoH catalogue",,"Internal"
http://fhir.health.gov.il/ValueSet/organization-type,0.15.0,draft,,OrganizationType,Organization Type,"SNOMED based value set of recommended types of organizations and organization units","StructureDefinition/il-core-organization","SCT"
http://fhir.health.gov.il/ValueSet/passport-uri,0.15.0,draft,,PassportUri,Passport URIs,"A country specific URI for passport numbers","StructureDefinition/il-core-practitioner,StructureDefinition/il-core-patient,StructureDefinition/il-core-related-person","Internal"
http://fhir.health.gov.il/ValueSet/patient-admit-source-moh,0.15.0,draft,,PatientAdmitSourceMoH,Patient Admit Source MoH,"Moh Codes for Patient Admit Source",,"Internal"
http://fhir.health.gov.il/ValueSet/patient-relationship-type,0.15.0,draft,,ILCorePatientRelationshipType,IL Core Patient Relationship Type codes,"A set of codes that can be used to indicate the relationship between a Patient and a Related Person.","StructureDefinition/il-core-related-person","THO (V3),THO (V2)"
http://fhir.health.gov.il/ValueSet/patient-release-type-moh,0.15.0,draft,,PatientRealeaseTypeMoH,Patient Realease Type MoH,"Moh Codes for Patient Realease Type","StructureDefinition/il-core-encounter","Internal"
http://fhir.health.gov.il/ValueSet/patient-visit-reason-moh,0.15.0,draft,,PatientVisitReasonMoH,Patient Visit Reason MoH,"Moh Codes for Patient Visit Reason","StructureDefinition/il-core-encounter","Internal"
http://fhir.health.gov.il/ValueSet/practitioner-advanced-course-moh,0.15.0,draft,,PractitionerAdvancedCourseMoH,קוד קורס על בסיסי לעוסק בסיעוד,"קוד קורס על בסיסי לעוסק בסיעוד לפי רישוי משרד הבריאות","StructureDefinition/il-core-practitioner","Internal"
http://fhir.health.gov.il/ValueSet/practitioner-certificate-type,0.15.0,draft,,PractitionerCertificateType,Practitioner Certificate Types,"A list of codes for certificate types for all medical practitioners","StructureDefinition/il-core-practitioner","Internal"
http://fhir.health.gov.il/ValueSet/practitioner-education-moh,0.15.0,draft,,PractitionerEducationMoH,קוד מומחיות לעוסק בבריאות,"קוד מומחיות לעוסק בבריאות לפי רישוי משרד הבריאות",,"Other"
http://fhir.health.gov.il/ValueSet/practitioner-expertise-moh,0.15.0,draft,,PractitionerExpertiseMoH,קוד מומחיות לעוסק בבריאות,"קוד מומחיות לעוסק בבריאות לפי רישוי משרד הבריאות","StructureDefinition/il-core-practitioner","Internal"
http://fhir.health.gov.il/ValueSet/practitioner-nurse-profession-moh,0.15.0,draft,,PractitionerNurseProfessionMoH,קוד מקצוע לעוסק בסיעוד,"קוד מקצוע לעוסק בסיעוד לפי רישוי משרד הבריאות","StructureDefinition/il-core-practitioner","Internal"
http://fhir.health.gov.il/ValueSet/practitioner-profession-moh,0.15.0,draft,,PractitionerProfessionMoH,קוד מקצוע לעוסק בבריאות,"קוד מקצוע לעוסק בבריאות לפי רישוי משרד הבריאות. שימו לב: מקצועות הסיעוד הוחרגו מרשימה זו ונמצאים ברשימה נפרדת","StructureDefinition/il-core-practitioner","Internal"
http://fhir.health.gov.il/ValueSet/reason-not-done,0.15.0,draft,,ReasonNotDone,statusReason codes for Immunization profile,"Codes from SNOMED CT describing reasons for Immnization not taking place, for statusCode","StructureDefinition/il-core-immunization","SCT"
http://fhir.health.gov.il/ValueSet/statistical-area-uri,0.15.0,draft,,StatisticalAreaUri,Israeli statistical area (אג"ס) URI,"URI's of statistical area identifiers. NOTE: When using CBS-statistical area numbers, use as directed in the statistical-area NamingSystem - i.e.,: 4-digit citiy code + 3-digit statistical area code. See [here](https://simplifier.net/ilcore/cbs-statistical-area)","StructureDefinition/ext-statistical-area","Internal"
http://fhir.health.gov.il/ValueSet/target-disease,0.15.0,draft,,TargetDisease,Target Disease Codes,"SNOMED based valueset of all Disease caused by microorganism or bacterial toxin","StructureDefinition/il-core-immunization","SCT"
http://fhir.health.gov.il/ValueSet/tofes17-error-codes,0.15.0,draft,,Tofes17ErrorCodes,Tofes17 Error Codes,"קודי שגיאה לתהליכים הקשורים לטופס 17",,"Internal"
http://fhir.health.gov.il/ValueSet/tofes17-reject-codes,0.15.0,draft,,Tofes17RejectCodes,Tofes17 Reject Codes,"קודי שגיאה לתהליכים הקשורים לטופס 17",,"Internal"
http://fhir.health.gov.il/ValueSet/vaccine-code,0.15.0,draft,,VaccineCode,Vaccine Codes,"A list of SNOMED codes for vaccines","StructureDefinition/il-core-immunization","SCT"
http://fhir.health.gov.il/ValueSet/vaccine-product-code,0.15.0,draft,,VaccineProductCode,Vaccine Product Codes,"A list of codes for vaccine products from atc, YARPA and cvx codeSystems","StructureDefinition/il-core-immunization","hl7.terminology.r4"
http://fhir.health.gov.il/ValueSet/yarpa-medication-code,0.15.0,draft,,YarpaMedicationCode,Yarpa Medication Code,"Codes for medications according to 'Yarpa' catalogue",,"Internal"
http://hl7.org/fhir/ValueSet/action-cardinality-behavior,4.0.1,draft,"2.16.840.1.113883.4.642.3.807",ActionCardinalityBehavior,ActionCardinalityBehavior,"Defines behavior for an action or a group for how many times that item may be repeated.","StructureDefinition/il-core-plan-definition","hl7.fhir.r4.core"
http://hl7.org/fhir/ValueSet/action-condition-kind,4.0.1,draft,"2.16.840.1.113883.4.642.3.815",ActionConditionKind,ActionConditionKind,"Defines the kinds of conditions that can appear on actions.","StructureDefinition/il-core-plan-definition","hl7.fhir.r4.core"
http://hl7.org/fhir/ValueSet/action-grouping-behavior,4.0.1,draft,"2.16.840.1.113883.4.642.3.799",ActionGroupingBehavior,ActionGroupingBehavior,"Defines organization behavior of a group.","StructureDefinition/il-core-plan-definition","hl7.fhir.r4.core"
http://hl7.org/fhir/ValueSet/action-participant-role,4.0.1,draft,"2.16.840.1.113883.4.642.3.796",ActionParticipantRole,Action participant role,"Either a practitioner role or a relationship type.","StructureDefinition/il-core-plan-definition",
http://hl7.org/fhir/ValueSet/action-participant-type,4.0.1,draft,"2.16.840.1.113883.4.642.3.811",ActionParticipantType,ActionParticipantType,"The type of participant for the action.","StructureDefinition/il-core-plan-definition","hl7.fhir.r4.core"
http://hl7.org/fhir/ValueSet/action-precheck-behavior,4.0.1,draft,"2.16.840.1.113883.4.642.3.805",ActionPrecheckBehavior,ActionPrecheckBehavior,"Defines selection frequency behavior for an action or group.","StructureDefinition/il-core-plan-definition","hl7.fhir.r4.core"
http://hl7.org/fhir/ValueSet/action-relationship-type,4.0.1,draft,"2.16.840.1.113883.4.642.3.813",ActionRelationshipType,ActionRelationshipType,"Defines the types of relationships between actions.","StructureDefinition/il-core-plan-definition","hl7.fhir.r4.core"
http://hl7.org/fhir/ValueSet/action-required-behavior,4.0.1,draft,"2.16.840.1.113883.4.642.3.803",ActionRequiredBehavior,ActionRequiredBehavior,"Defines expectations around whether an action or action group is required.","StructureDefinition/il-core-plan-definition","hl7.fhir.r4.core"
http://hl7.org/fhir/ValueSet/action-selection-behavior,4.0.1,draft,"2.16.840.1.113883.4.642.3.801",ActionSelectionBehavior,ActionSelectionBehavior,"Defines selection behavior of a group.","StructureDefinition/il-core-plan-definition","hl7.fhir.r4.core"
http://hl7.org/fhir/ValueSet/action-type,4.0.1,draft,"2.16.840.1.113883.4.642.3.809",ActionType,ActionType,"The type of action to be performed.","StructureDefinition/il-core-plan-definition","THO"
http://hl7.org/fhir/ValueSet/additional-instruction-codes,4.0.1,draft,"2.16.840.1.113883.4.642.3.95",SNOMEDCTAdditionalDosageInstructions,SNOMED CT Additional Dosage Instructions,"This value set includes all SNOMED CT Additional Dosage Instructions.","StructureDefinition/il-core-dosage","SCT"
http://hl7.org/fhir/ValueSet/address-type,4.0.1,active,"2.16.840.1.113883.4.642.3.69",AddressType,AddressType,"The type of an address (physical / postal).","StructureDefinition/il-core-address,StructureDefinition/il-core-location","hl7.fhir.r4.core"
http://hl7.org/fhir/ValueSet/address-use,4.0.1,active,"2.16.840.1.113883.4.642.3.67",AddressUse,AddressUse,"The use of an address.","StructureDefinition/il-core-address,StructureDefinition/il-core-location","hl7.fhir.r4.core"
http://hl7.org/fhir/ValueSet/adjudication-error,4.0.1,draft,"2.16.840.1.113883.4.642.3.39",Adjudication Error Codes,AdjudicationError,"This value set includes a smattering of adjudication codes.","StructureDefinition/il-core-coverage-eligibility-response","THO"
http://hl7.org/fhir/ValueSet/administration-method-codes,4.0.1,draft,"2.16.840.1.113883.4.642.3.97",SNOMEDCTAdministrationMethodCodes,SNOMED CT Administration Method Codes,"This value set includes some method codes from SNOMED CT - provided as an exemplar","StructureDefinition/il-core-medication-administration,StructureDefinition/il-core-dosage","SCT"
http://hl7.org/fhir/ValueSet/administrative-gender,4.0.1,active,"2.16.840.1.113883.4.642.3.1",AdministrativeGender,AdministrativeGender,"The gender of a person used for administrative purposes.","StructureDefinition/il-core-family-member-history,StructureDefinition/il-core-practitioner,StructureDefinition/il-core-patient,StructureDefinition/il-core-related-person","hl7.fhir.r4.core"
http://hl7.org/fhir/ValueSet/age-units,4.0.1,draft,"2.16.840.1.113883.4.642.3.19",CommonUCUMCodesForAge,Common UCUM Codes for Age,"Unified Code for Units of Measure (UCUM). This value set includes all UCUM codes","StructureDefinition/il-core-observation,StructureDefinition/il-core-observation-lab","UCUM"
http://hl7.org/fhir/ValueSet/allergy-intolerance-category,4.0.1,draft,"2.16.840.1.113883.4.642.3.133",AllergyIntoleranceCategory,AllergyIntoleranceCategory,"Category of an identified substance associated with allergies or intolerances.","StructureDefinition/il-core-allergy-intolerance","hl7.fhir.r4.core"
http://hl7.org/fhir/ValueSet/allergy-intolerance-criticality,4.0.1,draft,"2.16.840.1.113883.4.642.3.129",AllergyIntoleranceCriticality,AllergyIntoleranceCriticality,"Estimate of the potential clinical harm, or seriousness, of a reaction to an identified substance.","StructureDefinition/il-core-allergy-intolerance","hl7.fhir.r4.core"
http://hl7.org/fhir/ValueSet/allergy-intolerance-type,4.0.1,draft,"2.16.840.1.113883.4.642.3.131",AllergyIntoleranceType,AllergyIntoleranceType,"Identification of the underlying physiological mechanism for a Reaction Risk.","StructureDefinition/il-core-allergy-intolerance","hl7.fhir.r4.core"
http://hl7.org/fhir/ValueSet/allergyintolerance-clinical,4.0.1,draft,"2.16.840.1.113883.4.642.3.1372",AllergyIntoleranceClinicalStatusCodes,AllergyIntolerance Clinical Status Codes,"Preferred value set for AllergyIntolerance Clinical Status.","StructureDefinition/il-core-allergy-intolerance","THO"
http://hl7.org/fhir/ValueSet/allergyintolerance-verification,4.0.1,draft,"2.16.840.1.113883.4.642.3.1370",AllergyIntoleranceVerificationStatusCodes,AllergyIntolerance Verification Status Codes,"Preferred value set for AllergyIntolerance Verification Status.","StructureDefinition/il-core-allergy-intolerance","THO"
http://hl7.org/fhir/ValueSet/approach-site-codes,4.0.1,draft,"2.16.840.1.113883.4.642.3.346",SNOMEDCTAnatomicalStructureForAdministrationSiteCodes,SNOMED CT Anatomical Structure for Administration Site Codes,"This value set includes Anatomical Structure codes from SNOMED CT - provided as an exemplar.","StructureDefinition/il-core-medication-administration,StructureDefinition/il-core-dosage","SCT"
http://hl7.org/fhir/ValueSet/benefit-network,4.0.1,draft,"2.16.840.1.113883.4.642.3.608",NetworkTypeCodes,Network Type Codes,"This value set includes a smattering of Network type codes.","StructureDefinition/il-core-coverage-eligibility-response","THO"
http://hl7.org/fhir/ValueSet/benefit-term,4.0.1,draft,"2.16.840.1.113883.4.642.3.612",BenefitTermCodes,Benefit Term Codes,"This value set includes a smattering of Benefit Term codes.","StructureDefinition/il-core-coverage-eligibility-response","THO"
http://hl7.org/fhir/ValueSet/benefit-type,4.0.1,draft,"2.16.840.1.113883.4.642.3.606",BenefitTypeCodes,Benefit Type Codes,"This value set includes a smattering of Benefit type codes.","StructureDefinition/il-core-coverage-eligibility-response","THO"
http://hl7.org/fhir/ValueSet/benefit-unit,4.0.1,draft,"2.16.840.1.113883.4.642.3.610",UnitTypeCodes,Unit Type Codes,"This value set includes a smattering of Unit type codes.","StructureDefinition/il-core-coverage-eligibility-response","THO"
http://hl7.org/fhir/ValueSet/body-site,4.0.1,draft,"2.16.840.1.113883.4.642.3.141",SNOMEDCTBodyStructures,SNOMED CT Body Structures,"This value set includes all codes from [SNOMED CT](http://snomed.info/sct) where concept is-a 442083009 (Anatomical or acquired body site (body structure)).","StructureDefinition/il-core-imaging-study,StructureDefinition/il-core-observation,StructureDefinition/il-core-procedure,StructureDefinition/il-core-immunization-reaction-observation,StructureDefinition/il-core-media,StructureDefinition/il-core-observation-lab,StructureDefinition/il-core-condition,StructureDefinition/il-core-specimen,StructureDefinition/il-core-service-request","SCT"
http://hl7.org/fhir/ValueSet/bodysite-laterality,4.0.1,draft,"2.16.840.1.113883.4.642.3.287",Laterality,Laterality,"Laterality: SNOMED-CT concepts for 'left', 'right', and 'bilateral'","StructureDefinition/il-core-imaging-study","SCT"
http://hl7.org/fhir/ValueSet/c80-doc-typecodes,4.0.1,active,"2.16.840.1.113883.3.88.12.80.47",DocumentTypeValueSet,Document Type Value Set,"This is the code specifying the precise type of document (e.g. Pulmonary History and  Physical, Discharge Summary, Ultrasound Report, etc.). The Document Type value set includes all LOINC  values listed in HITSP C80 Table 2-144 Document Class Value Set Definition above used for Document Class,  and all LOINC values whose SCALE is DOC in the LOINC database.","StructureDefinition/il-core-document-reference","LOINC"
http://hl7.org/fhir/ValueSet/c80-facilitycodes,4.0.1,active,"2.16.840.1.113883.3.88.12.80.67",FacilityTypeCodeValueSet,Facility Type Code Value Set,"This is the code representing the type of organizational setting where the clinical encounter, service, interaction, or treatment occurred. The value set used for Healthcare Facility Type has been defined by HITSP to be the value set reproduced from HITSP C80 Table 2-147.","StructureDefinition/il-core-document-reference","SCT"
http://hl7.org/fhir/ValueSet/c80-practice-codes,4.0.1,active,"2.16.840.1.113883.3.88.12.80.72",PracticeSettingCodeValueSet,Practice Setting Code Value Set,"This is the code representing the clinical specialty of the clinician or provider who interacted with, treated, or provided a service to/for the patient. The value set used for clinical specialty has been limited by HITSP to the value set reproduced from HITSP C80 Table 2-149 Clinical Specialty Value Set Definition.","StructureDefinition/il-core-practitioner-role,StructureDefinition/il-core-document-reference","SCT"
http://hl7.org/fhir/ValueSet/care-team-category,4.0.1,draft,"2.16.840.1.113883.4.642.3.155",CareTeamCategory,Care Team category,"Indicates the type of care team.","StructureDefinition/il-core-care-team","LOINC"
http://hl7.org/fhir/ValueSet/care-team-status,4.0.1,draft,"2.16.840.1.113883.4.642.3.153",CareTeamStatus,CareTeamStatus,"Indicates the status of the care team.","StructureDefinition/il-core-care-team","hl7.fhir.r4.core"
http://hl7.org/fhir/ValueSet/claim-careteamrole,4.0.1,draft,"2.16.840.1.113883.4.642.3.586",ClaimCareTeamRoleCodes,Claim Care Team Role Codes,"This value set includes sample Claim Care Team Role codes.","StructureDefinition/il-core-claim","THO"
http://hl7.org/fhir/ValueSet/claim-exception,4.0.1,draft,"2.16.840.1.113883.4.642.3.580",ExceptionCodes,Exception Codes,"This value set includes sample Exception codes.","StructureDefinition/il-core-claim","THO"
http://hl7.org/fhir/ValueSet/claim-informationcategory,4.0.1,draft,"2.16.840.1.113883.4.642.3.582",ClaimInformationCategoryCodes,Claim Information Category Codes,"This value set includes sample Information Category codes.","StructureDefinition/il-core-claim","THO"
http://hl7.org/fhir/ValueSet/claim-modifiers,4.0.1,draft,"2.16.840.1.113883.4.642.3.536",ModifierTypeCodes,Modifier type Codes,"This value set includes sample Modifier type codes.","StructureDefinition/il-core-coverage-eligibility-response,StructureDefinition/il-core-coverage-eligibility-request,StructureDefinition/il-core-claim","THO"
http://hl7.org/fhir/ValueSet/claim-subtype,4.0.1,draft,"2.16.840.1.113883.4.642.3.566",ExampleClaimSubTypeCodes,Example Claim SubType Codes,"This value set includes sample Claim SubType codes which are used to distinguish the claim types for example within type institutional there may be subtypes for emergency services, bed stay and transportation.","StructureDefinition/il-core-claim","THO"
http://hl7.org/fhir/ValueSet/claim-type,4.0.1,draft,"2.16.840.1.113883.4.642.3.558",ClaimTypeCodes,Claim Type Codes,"This value set includes Claim Type codes.","StructureDefinition/il-core-claim","THO"
http://hl7.org/fhir/ValueSet/claim-use,4.0.1,draft,"2.16.840.1.113883.4.642.3.544",Use,Use,"The purpose of the Claim: predetermination, preauthorization, claim.","StructureDefinition/il-core-claim","hl7.fhir.r4.core"
http://hl7.org/fhir/ValueSet/clinical-findings,4.0.1,draft,"2.16.840.1.113883.4.642.3.232",SNOMEDCTClinicalFindings,SNOMED CT Clinical Findings,"This value set includes all the ""Clinical finding"" [SNOMED CT](http://snomed.info/sct) codes - concepts where concept is-a 404684003 (Clinical finding (finding)).","StructureDefinition/il-core-plan-definition,StructureDefinition/il-core-family-member-history,StructureDefinition/il-core-diagnostic-report,StructureDefinition/il-core-care-team","SCT"
http://hl7.org/fhir/ValueSet/composition-status,4.0.1,draft,"2.16.840.1.113883.4.642.3.241",CompositionStatus,CompositionStatus,"The workflow/clinical status of the composition.","StructureDefinition/il-core-document-reference","hl7.fhir.r4.core"
http://hl7.org/fhir/ValueSet/condition-clinical,4.0.1,draft,"2.16.840.1.113883.4.642.3.164",ConditionClinicalStatusCodes,Condition Clinical Status Codes,"Preferred value set for Condition Clinical Status.","StructureDefinition/il-core-condition","THO"
http://hl7.org/fhir/ValueSet/condition-code,4.0.1,draft,"2.16.840.1.113883.4.642.3.161",Condition/Problem/DiagnosisCodes,Condition/Problem/Diagnosis Codes,"Example value set for Condition/Problem/Diagnosis codes.","StructureDefinition/il-core-plan-definition,StructureDefinition/il-core-family-member-history","SCT"
http://hl7.org/fhir/ValueSet/condition-outcome,4.0.1,draft,"2.16.840.1.113883.4.642.3.967",ConditionOutcomeCodes,Condition Outcome Codes,"Example value set for condition outcomes.","StructureDefinition/il-core-family-member-history","SCT"
http://hl7.org/fhir/ValueSet/condition-severity,4.0.1,draft,"2.16.840.1.113883.4.642.3.168",Condition/DiagnosisSeverity,Condition/Diagnosis Severity,"Preferred value set for Condition/Diagnosis severity grading.","StructureDefinition/il-core-condition","SCT"
http://hl7.org/fhir/ValueSet/condition-stage,4.0.1,draft,"2.16.840.1.113883.4.642.3.170",ConditionStage,Condition Stage,"Example value set for stages of cancer and other conditions.","StructureDefinition/il-core-condition","SCT"
http://hl7.org/fhir/ValueSet/condition-stage-type,4.0.1,draft,"2.16.840.1.113883.4.642.3.171",ConditionStageType,Condition Stage Type,"Example value set for the type of stages of cancer and other conditions","StructureDefinition/il-core-condition","SCT"
http://hl7.org/fhir/ValueSet/condition-ver-status,4.0.1,draft,"2.16.840.1.113883.4.642.3.166",ConditionVerificationStatus,ConditionVerificationStatus,"The verification status to support or decline the clinical status of the condition or diagnosis.","StructureDefinition/il-core-condition","THO"
http://hl7.org/fhir/ValueSet/contact-point-system,4.0.1,active,"2.16.840.1.113883.4.642.3.71",ContactPointSystem,ContactPointSystem,"Telecommunications form for contact point.","StructureDefinition/il-core-practitioner-role,StructureDefinition/il-core-organization,StructureDefinition/il-core-location,StructureDefinition/il-core-patient","hl7.fhir.r4.core"
http://hl7.org/fhir/ValueSet/contact-point-use,4.0.1,active,"2.16.840.1.113883.4.642.3.73",ContactPointUse,ContactPointUse,"Use of contact point.","StructureDefinition/il-core-practitioner-role,StructureDefinition/il-core-organization,StructureDefinition/il-core-location,StructureDefinition/il-core-patient","hl7.fhir.r4.core"
http://hl7.org/fhir/ValueSet/contactentity-type,4.0.1,draft,"2.16.840.1.113883.4.642.3.416",ContactEntityType,Contact entity type,"This example value set defines a set of codes that can be used to indicate the purpose for which you would contact a contact party.","StructureDefinition/il-core-organization","THO"
http://hl7.org/fhir/ValueSet/coverage-class,4.0.1,draft,"2.16.840.1.113883.4.642.3.1009",CoverageClassCodes,Coverage Class Codes,"This value set includes Coverage Class codes.","StructureDefinition/il-core-coverage","THO"
http://hl7.org/fhir/ValueSet/coverage-copay-type,4.0.1,draft,"2.16.840.1.113883.4.642.3.527",CoverageCopayTypeCodes,Coverage Copay Type Codes,"This value set includes sample Coverage Copayment Type codes.","StructureDefinition/il-core-coverage","THO"
http://hl7.org/fhir/ValueSet/coverage-financial-exception,4.0.1,draft,"2.16.840.1.113883.4.642.3.1328",ExampleCoverageFinancialExceptionCodes,Example Coverage Financial Exception Codes,"This value set includes Example Coverage Financial Exception Codes.","StructureDefinition/il-core-coverage","THO"
http://hl7.org/fhir/ValueSet/coverage-type,4.0.1,draft,"2.16.840.1.113883.4.642.3.520",CoverageTypeAndSelf-PayCodes,Coverage Type and Self-Pay Codes,"This value set includes Coverage Type codes.","StructureDefinition/il-core-coverage","THO"
http://hl7.org/fhir/ValueSet/coverageeligibilityresponse-ex-auth-support,4.0.1,draft,"2.16.840.1.113883.4.642.3.1393",CoverageEligibilityResponseAuthSupportCodes,CoverageEligibilityResponse Auth Support Codes,"This value set includes CoverageEligibilityResponse Auth Support codes.","StructureDefinition/il-core-coverage-eligibility-response","THO"
http://hl7.org/fhir/ValueSet/data-absent-reason,4.0.1,active,"2.16.840.1.113883.4.642.3.5",DataAbsentReason,DataAbsentReason,"Used to specify why the normally expected content of the data element is missing.","StructureDefinition/il-core-observation,StructureDefinition/il-core-immunization-reaction-observation,StructureDefinition/il-core-observation-lab","THO"
http://hl7.org/fhir/ValueSet/days-of-week,4.0.1,active,"2.16.840.1.113883.4.642.3.512",DaysOfWeek,DaysOfWeek,"The days of the week.","StructureDefinition/il-core-practitioner-role,StructureDefinition/il-core-location","hl7.fhir.r4.core"
http://hl7.org/fhir/ValueSet/definition-topic,4.0.1,draft,"2.16.840.1.113883.4.642.3.794",DefinitionTopic,DefinitionTopic,"High-level categorization of the definition, used for searching, sorting, and filtering.","StructureDefinition/il-core-plan-definition","THO"
http://hl7.org/fhir/ValueSet/device-action,4.0.1,draft,"2.16.840.1.113883.4.642.3.425",ProcedureDeviceActionCodes,Procedure Device Action Codes,"Example codes indicating the change that happened to the device during the procedure.  Note that these are in no way complete and might not even be appropriate for some uses.","StructureDefinition/il-core-procedure","SCT"
http://hl7.org/fhir/ValueSet/device-kind,4.0.1,draft,"2.16.840.1.113883.4.642.3.208",FHIRDeviceTypes,FHIR Device Types,"Codes used to identify medical devices. Includes concepts from SNOMED CT (http://www.snomed.org/) where concept is-a 49062001 (Device)  and is provided as a suggestive example.","StructureDefinition/il-core-procedure,StructureDefinition/il-core-device-definition","SCT"
http://hl7.org/fhir/ValueSet/device-nametype,4.0.1,draft,"2.16.840.1.113883.4.642.3.1083",DeviceNameType,DeviceNameType,"The type of name the device is referred by.","StructureDefinition/il-core-device-definition,StructureDefinition/il-core-device","hl7.fhir.r4.core"
http://hl7.org/fhir/ValueSet/device-safety,4.0.1,draft,"2.16.840.1.113883.4.642.3.213",DeviceSafety,Device safety,"Codes used to identify medical devices safety characteristics. These codes are taken from the [NCI Thesaurus](https://ncit.nci.nih.gov/ncitbrowser/pages/home.jsf) and are provided here as a suggestive example.","StructureDefinition/il-core-device-definition","Other"
http://hl7.org/fhir/ValueSet/device-status,4.0.1,draft,"2.16.840.1.113883.4.642.3.209",FHIRDeviceStatus,FHIRDeviceStatus,"The availability status of the device.","StructureDefinition/il-core-device","hl7.fhir.r4.core"
http://hl7.org/fhir/ValueSet/device-status-reason,4.0.1,draft,"2.16.840.1.113883.4.642.3.1081",FHIRDeviceStatusReason,FHIRDeviceStatusReason,"The availability status reason of the device.","StructureDefinition/il-core-device","THO"
http://hl7.org/fhir/ValueSet/device-type,4.0.1,draft,"2.16.840.1.113883.4.642.3.1376",DeviceType,Device Type,"Codes used to identify medical devices. Includes concepts from SNOMED CT (http://www.snomed.org/) where concept is-a 49062001 (Device)  and is provided as a suggestive example.","StructureDefinition/il-core-device","SCT"
http://hl7.org/fhir/ValueSet/diagnosis-role,4.0.1,draft,"2.16.840.1.113883.4.642.3.49",DiagnosisRole,DiagnosisRole,"This value set defines a set of codes that can be used to express the role of a diagnosis on the Encounter or EpisodeOfCare record.","StructureDefinition/il-core-encounter","THO"
http://hl7.org/fhir/ValueSet/diagnostic-report-status,4.0.1,draft,"2.16.840.1.113883.4.642.3.235",DiagnosticReportStatus,DiagnosticReportStatus,"The status of the diagnostic report.","StructureDefinition/il-core-diagnostic-report","hl7.fhir.r4.core"
http://hl7.org/fhir/ValueSet/diagnostic-service-sections,4.0.1,draft,"2.16.840.1.113883.4.642.3.234",DiagnosticServiceSectionCodes,Diagnostic Service Section Codes,"This value set includes all the codes in HL7 V2 table 0074.","StructureDefinition/il-core-diagnostic-report","THO (V2)"
http://hl7.org/fhir/ValueSet/document-classcodes,4.0.1,active,"2.16.840.1.113883.3.88.12.80.46",DocumentClassValueSet,Document Class Value Set,"This is the code specifying the high-level kind of document (e.g. Prescription, Discharge Summary, Report, etc.). Note: Class code for documents comes from LOINC, and is based upon one of the following:The type of service described by the document. It is described at a very high level in Section 7.3 of the LOINC Manual. The type study performed. It was determined by identifying modalities for study reports. The section of the chart where the document is placed. It was determined from the SETs created for Claims Attachment requests.","StructureDefinition/il-core-document-reference","LOINC"
http://hl7.org/fhir/ValueSet/document-reference-status,4.0.1,draft,"2.16.840.1.113883.4.642.3.7",DocumentReferenceStatus,DocumentReferenceStatus,"The status of the document reference.","StructureDefinition/il-core-document-reference","hl7.fhir.r4.core"
http://hl7.org/fhir/ValueSet/document-relationship-type,4.0.1,draft,"2.16.840.1.113883.4.642.3.244",DocumentRelationshipType,DocumentRelationshipType,"The type of relationship between documents.","StructureDefinition/il-core-document-reference","hl7.fhir.r4.core"
http://hl7.org/fhir/ValueSet/dose-rate-type,4.0.1,draft,"2.16.840.1.113883.4.642.3.981",DoseAndRateType,DoseAndRateType,"The kind of dose or rate specified.","StructureDefinition/il-core-dosage","THO"
http://hl7.org/fhir/ValueSet/eligibilityrequest-purpose,4.0.1,draft,"2.16.840.1.113883.4.642.3.1182",EligibilityRequestPurpose,EligibilityRequestPurpose,"A code specifying the types of information being requested.","StructureDefinition/il-core-coverage-eligibility-request","hl7.fhir.r4.core"
http://hl7.org/fhir/ValueSet/eligibilityresponse-purpose,4.0.1,draft,"2.16.840.1.113883.4.642.3.1184",EligibilityResponsePurpose,EligibilityResponsePurpose,"A code specifying the types of information being requested.","StructureDefinition/il-core-coverage-eligibility-response","hl7.fhir.r4.core"
http://hl7.org/fhir/ValueSet/encounter-diet,4.0.1,draft,"2.16.840.1.113883.4.642.3.255",Diet,Diet,"This value set defines a set of codes that can be used to indicate dietary preferences or restrictions a patient may have.","StructureDefinition/il-core-encounter","THO"
http://hl7.org/fhir/ValueSet/encounter-location-status,4.0.1,draft,"2.16.840.1.113883.4.642.3.262",EncounterLocationStatus,EncounterLocationStatus,"The status of the location.","StructureDefinition/il-core-encounter","hl7.fhir.r4.core"
http://hl7.org/fhir/ValueSet/encounter-participant-type,4.0.1,draft,"2.16.840.1.113883.4.642.3.250",ParticipantType,Participant type,"This value set defines a set of codes that can be used to indicate how an individual participates in an encounter.","StructureDefinition/il-core-encounter","THO (V3),THO"
http://hl7.org/fhir/ValueSet/encounter-reason,4.0.1,draft,"2.16.840.1.113883.4.642.3.261",EncounterReasonCodes,Encounter Reason Codes,"This examples value set defines the set of codes that can be used to indicate reasons for an encounter.","StructureDefinition/il-core-encounter","SCT"
http://hl7.org/fhir/ValueSet/encounter-special-arrangements,4.0.1,draft,"2.16.840.1.113883.4.642.3.253",SpecialArrangements,Special arrangements,"This value set defines a set of codes that can be used to indicate the kinds of special arrangements in place for a patients visit.","StructureDefinition/il-core-encounter","THO"
http://hl7.org/fhir/ValueSet/encounter-special-courtesy,4.0.1,draft,"2.16.840.1.113883.4.642.3.252",SpecialCourtesy,Special courtesy,"This value set defines a set of codes that can be used to indicate special courtesies provided to the patient.","StructureDefinition/il-core-encounter","THO (V3)"
http://hl7.org/fhir/ValueSet/encounter-status,4.0.1,draft,"2.16.840.1.113883.4.642.3.246",EncounterStatus,EncounterStatus,"Current state of the encounter.","StructureDefinition/il-core-encounter","hl7.fhir.r4.core"
http://hl7.org/fhir/ValueSet/encounter-type,4.0.1,draft,"2.16.840.1.113883.4.642.3.248",EncounterType,Encounter type,"This example value set defines a set of codes that can be used to indicate the type of encounter: a specific code indicating type of service provided.","StructureDefinition/il-core-encounter","THO"
http://hl7.org/fhir/ValueSet/event-status,4.0.1,draft,"2.16.840.1.113883.4.642.3.109",EventStatus,EventStatus,"Codes identifying the lifecycle stage of an event.","StructureDefinition/il-core-procedure,StructureDefinition/il-core-media","hl7.fhir.r4.core"
http://hl7.org/fhir/ValueSet/ex-benefitcategory,4.0.1,draft,"2.16.840.1.113883.4.642.3.1174",BenefitCategoryCodes,Benefit Category Codes,"This value set includes examples of Benefit Category codes.","StructureDefinition/il-core-coverage-eligibility-response,StructureDefinition/il-core-coverage-eligibility-request,StructureDefinition/il-core-claim","THO"
http://hl7.org/fhir/ValueSet/ex-diagnosis-on-admission,4.0.1,draft,"2.16.840.1.113883.4.642.3.1169",ExampleDiagnosisOnAdmissionCodes,Example Diagnosis on Admission Codes,"This value set includes example Diagnosis on Admission codes.","StructureDefinition/il-core-claim","THO"
http://hl7.org/fhir/ValueSet/ex-diagnosisrelatedgroup,4.0.1,draft,"2.16.840.1.113883.4.642.3.588",ExampleDiagnosisRelatedGroupCodes,Example Diagnosis Related Group Codes,"This value set includes example Diagnosis Related Group codes.","StructureDefinition/il-core-claim","THO"
http://hl7.org/fhir/ValueSet/ex-diagnosistype,4.0.1,draft,"2.16.840.1.113883.4.642.3.590",ExampleDiagnosisTypeCodes,Example Diagnosis Type Codes,"This value set includes example Diagnosis Type codes.","StructureDefinition/il-core-claim","THO"
http://hl7.org/fhir/ValueSet/ex-procedure-type,4.0.1,draft,"2.16.840.1.113883.4.642.3.1387",ExampleProcedureTypeCodes,Example Procedure Type Codes,"This value set includes example Procedure Type codes.","StructureDefinition/il-core-claim","THO"
http://hl7.org/fhir/ValueSet/ex-program-code,4.0.1,draft,"2.16.840.1.113883.4.642.3.576",ExampleProgramReasonCodes,Example Program Reason Codes,"This value set includes sample Program Reason Span codes.","StructureDefinition/il-core-claim","THO"
http://hl7.org/fhir/ValueSet/ex-revenue-center,4.0.1,draft,"2.16.840.1.113883.4.642.3.594",ExampleRevenueCenterCodes,Example Revenue Center Codes,"This value set includes sample Revenue Center codes.","StructureDefinition/il-core-claim","THO"
http://hl7.org/fhir/ValueSet/fm-status,4.0.1,draft,"2.16.840.1.113883.4.642.3.592",FinancialResourceStatusCodes,Financial Resource Status Codes,"This value set includes Status codes.","StructureDefinition/il-core-coverage,StructureDefinition/il-core-coverage-eligibility-response,StructureDefinition/il-core-coverage-eligibility-request,StructureDefinition/il-core-claim","hl7.fhir.r4.core"
http://hl7.org/fhir/ValueSet/formatcodes,4.0.1,active,"1.3.6.1.4.1.19376.1.2.7.1",DocumentReferenceFormatCodeSet,DocumentReference Format Code Set,"The value set is defined to be the set of format codes defined by the IHE Technical Framework, and also including additional format codes defined by the    HL7. The value set is listed in HITSP C80 Table 2-153 Format Code Value Set Definition,    with additions published later by IHE as published    at http://wiki.ihe.net/index.php?title=IHE_Format_Codes   and with additions published later by HL7 as published at https://confluence.hl7.org/display/SD/Format+Codes+for+IHE+XDS.   This is the code specifying the technical format of the document. Along with the typeCode,    it should provide sufficient information to allow any potential document consumer to know    if it will be able to process the document. The code shall be sufficiently specific to    ensure processing/display by identifying a document encoding, structure and template. The actual list of codes here is incomplete","StructureDefinition/il-core-document-reference","Other"
http://hl7.org/fhir/ValueSet/forms,4.0.1,draft,"2.16.840.1.113883.4.642.3.37",Form Codes,Forms,"This value set includes a sample set of Forms codes.","StructureDefinition/il-core-coverage-eligibility-response","THO"
http://hl7.org/fhir/ValueSet/fundsreserve,4.0.1,draft,"2.16.840.1.113883.4.642.3.33",Funds Reservation Codes,FundsReserve,"This value set includes sample funds reservation type codes.","StructureDefinition/il-core-claim","THO"
http://hl7.org/fhir/ValueSet/goal-category,4.0.1,draft,"2.16.840.1.113883.4.642.3.275",GoalCategory,Goal category,"Example codes for grouping goals to use for filtering or presentation.","StructureDefinition/il-core-plan-definition","THO"
http://hl7.org/fhir/ValueSet/goal-priority,4.0.1,draft,"2.16.840.1.113883.4.642.3.273",GoalPriority,Goal priority,"Indicates the level of importance associated with reaching or sustaining a goal.","StructureDefinition/il-core-plan-definition","THO"
http://hl7.org/fhir/ValueSet/goal-start-event,4.0.1,draft,"2.16.840.1.113883.4.642.3.279",GoalStartEvent,Goal start event,"Identifies types of events that might trigger the start of a goal.","StructureDefinition/il-core-plan-definition","SCT"
http://hl7.org/fhir/ValueSet/group-type,4.0.1,draft,"2.16.840.1.113883.4.642.3.284",GroupType,GroupType,"Types of resources that are part of group.","StructureDefinition/il-core-group","hl7.fhir.r4.core"
http://hl7.org/fhir/ValueSet/history-absent-reason,4.0.1,draft,"2.16.840.1.113883.4.642.3.269",FamilyHistoryAbsentReason,FamilyHistoryAbsentReason,"Codes describing the reason why a family member's history is not available.","StructureDefinition/il-core-family-member-history","THO"
http://hl7.org/fhir/ValueSet/history-status,4.0.1,draft,"2.16.840.1.113883.4.642.3.267",FamilyHistoryStatus,FamilyHistoryStatus,"A code that identifies the status of the family history record.","StructureDefinition/il-core-family-member-history","hl7.fhir.r4.core"
http://hl7.org/fhir/ValueSet/icd-10,4.0.1,draft,"2.16.840.1.113883.4.642.3.531",ICD-10Codes,ICD-10 Codes,"This value set includes sample ICD-10 codes.","StructureDefinition/il-core-coverage-eligibility-request,StructureDefinition/il-core-claim","hl7.terminology.r4"
http://hl7.org/fhir/ValueSet/icd-10-procedures,4.0.1,draft,"2.16.840.1.113883.4.642.3.574",ICD-10ProcedureCodes,ICD-10 Procedure Codes,"This value set includes sample ICD-10 Procedure codes.","StructureDefinition/il-core-claim","hl7.fhir.r4.core"
http://hl7.org/fhir/ValueSet/identifier-type,4.0.1,active,"2.16.840.1.113883.4.642.3.45",Identifier Type Codes,IdentifierType,"A coded type for an identifier that can be used to determine which identifier to use for a specific purpose.","StructureDefinition/il-core-medication,StructureDefinition/il-core-practitioner,StructureDefinition/il-core-organization,StructureDefinition/ext-statistical-area,StructureDefinition/il-core-patient,StructureDefinition/il-core-related-person","THO (V2)"
http://hl7.org/fhir/ValueSet/identifier-use,4.0.1,active,"2.16.840.1.113883.4.642.3.57",IdentifierUse,IdentifierUse,"Identifies the purpose for this identifier, if known .","StructureDefinition/il-core-medication,StructureDefinition/il-core-practitioner,StructureDefinition/il-core-organization,StructureDefinition/ext-statistical-area,StructureDefinition/il-core-patient,StructureDefinition/il-core-related-person","hl7.fhir.r4.core"
http://hl7.org/fhir/ValueSet/imagingstudy-status,4.0.1,draft,"2.16.840.1.113883.4.642.3.990",ImagingStudyStatus,ImagingStudyStatus,"The status of the ImagingStudy.","StructureDefinition/il-core-imaging-study","hl7.fhir.r4.core"
http://hl7.org/fhir/ValueSet/immunization-function,4.0.1,draft,"2.16.840.1.113883.4.642.3.995",ImmunizationFunctionCodes,Immunization Function Codes,"The value set to instantiate this attribute should be drawn from a terminologically robust code system that consists of or contains concepts to support describing the function a practitioner or organization may play in the immunization event. This value set is provided as a suggestive example.","StructureDefinition/il-core-immunization","THO (V2)"
http://hl7.org/fhir/ValueSet/immunization-funding-source,4.0.1,draft,"2.16.840.1.113883.4.642.3.293",ImmunizationFundingSource,Immunization Funding Source,"The value set to instantiate this attribute should be drawn from a terminologically robust code system that consists of or contains concepts to support describing the source of the vaccine administered. This value set is provided as a suggestive example.","StructureDefinition/il-core-immunization","THO"
http://hl7.org/fhir/ValueSet/immunization-origin,4.0.1,draft,"2.16.840.1.113883.4.642.3.296",ImmunizationOriginCodes,Immunization Origin Codes,"The value set to instantiate this attribute should be drawn from a terminologically robust code system that consists of or contains concepts to support describing the source of the data when the report of the immunization event is not based on information from the person, entity or organization who administered the vaccine. This value set is provided as a suggestive example.","StructureDefinition/il-core-immunization","THO"
http://hl7.org/fhir/ValueSet/immunization-program-eligibility,4.0.1,draft,"2.16.840.1.113883.4.642.3.291",ImmunizationProgramEligibility,Immunization Program Eligibility,"The value set to instantiate this attribute should be drawn from a terminologically robust code system that consists of or contains concepts to support describing the patient's eligibility for a vaccination program. This value set is provided as a suggestive example.","StructureDefinition/il-core-immunization","THO"
http://hl7.org/fhir/ValueSet/immunization-reason,4.0.1,draft,"2.16.840.1.113883.4.642.3.290",ImmunizationReasonCodes,Immunization Reason Codes,"The value set to instantiate this attribute should be drawn from a terminologically robust code system that consists of or contains concepts to support describing the reason why a dose of vaccine was administered. This value set is provided as a suggestive example.","StructureDefinition/il-core-immunization","SCT"
http://hl7.org/fhir/ValueSet/immunization-recommendation-date-criterion,4.0.1,draft,"2.16.840.1.113883.4.642.3.308",ImmunizationRecommendationDateCriterionCodes,Immunization Recommendation Date Criterion Codes,"The value set to instantiate this attribute should be drawn from a terminologically robust code system that consists of or contains concepts to support the definition of dates relevant to recommendations for future doses of vaccines. This value set is provided as a suggestive example.","StructureDefinition/il-core-immunization-recommendation","LOINC"
http://hl7.org/fhir/ValueSet/immunization-recommendation-reason,4.0.1,draft,"2.16.840.1.113883.4.642.3.307",ImmunizationRecommendationReasonCodes,Immunization Recommendation Reason Codes,"The value set to instantiate this attribute should be drawn from a terminologically robust code system that consists of or contains concepts to support describing the reasons why a given recommendation status is assigned. This value set is provided as a suggestive example and includes SNOMED CT concepts.","StructureDefinition/il-core-immunization-recommendation","SCT"
http://hl7.org/fhir/ValueSet/immunization-recommendation-status,4.0.1,draft,"2.16.840.1.113883.4.642.3.305",ImmunizationRecommendationStatusCodes,Immunization Recommendation Status Codes,"The value set to instantiate this attribute should be drawn from a terminologically robust code system that consists of or contains concepts to support describing the status of the patient towards perceived immunity against a vaccine preventable disease. This value set is provided as a suggestive example.","StructureDefinition/il-core-immunization-recommendation","THO"
http://hl7.org/fhir/ValueSet/immunization-recommendation-target-disease,4.0.1,draft,"2.16.840.1.113883.4.642.3.309",ImmunizationRecommendationTargetDiseaseCodes,Immunization Recommendation Target Disease Codes,"The value set to instantiate this attribute should be drawn from a terminologically robust code system that consists of or contains concepts to support describing the disease targeted by a vaccination recommendation. This value set is provided as a suggestive example and includes the SNOMED CT concepts from the 64572001 (Disease) hierarchy.","StructureDefinition/il-core-immunization-recommendation","SCT"
http://hl7.org/fhir/ValueSet/immunization-route,4.0.1,draft,"2.16.840.1.113883.4.642.3.289",ImmunizationRouteCodes,Immunization Route Codes,"The value set to instantiate this attribute should be drawn from a terminologically robust code system that consists of or contains concepts to support describing the administrative routes used during vaccination. This value set is provided as a suggestive example.","StructureDefinition/il-core-immunization","THO (V3)"
http://hl7.org/fhir/ValueSet/immunization-status,4.0.1,draft,"2.16.840.1.113883.4.642.3.295",ImmunizationStatusCodes,Immunization Status Codes,"The value set to instantiate this attribute should be drawn from a terminologically robust code system that consists of or contains concepts to support describing the current status of the administered dose of vaccine.","StructureDefinition/il-core-immunization","hl7.fhir.r4.core"
http://hl7.org/fhir/ValueSet/immunization-subpotent-reason,4.0.1,draft,"2.16.840.1.113883.4.642.3.993",ImmunizationSubpotentReason,Immunization Subpotent Reason,"The value set to instantiate this attribute should be drawn from a terminologically robust code system that consists of or contains concepts to support describing the reason why a dose is considered to be subpotent. This value set is provided as a suggestive example.","StructureDefinition/il-core-immunization","THO"
http://hl7.org/fhir/ValueSet/item-type,4.0.1,draft,"2.16.840.1.113883.4.642.3.444",QuestionnaireItemType,QuestionnaireItemType,"Distinguishes groups from questions and display text and indicates data type for questions.","StructureDefinition/il-core-questionnaire","hl7.fhir.r4.core"
http://hl7.org/fhir/ValueSet/jurisdiction,4.0.1,active,"2.16.840.1.113883.4.642.3.48",Jurisdiction ValueSet,Jurisdiction,"This value set defines a base set of codes for country, country subdivision and region    for indicating where a resource is intended to be used.             Note: The codes for countries and country subdivisions are taken from    [ISO 3166](https://www.iso.org/iso-3166-country-codes.html)    while the codes for ""supra-national"" regions are from    [UN Standard country or area codes for statistical use (M49)](http://unstats.un.org/unsd/methods/m49/m49.htm).","StructureDefinition/il-core-plan-definition,StructureDefinition/il-core-questionnaire","hl7.terminology.r4,Other"
http://hl7.org/fhir/ValueSet/languages,4.0.1,draft,"2.16.840.1.113883.4.642.3.20",CommonLanguages,Common Languages,"This value set includes common codes from BCP-47 (http://tools.ietf.org/html/bcp47)","StructureDefinition/il-core-questionnaire,StructureDefinition/il-core-coverage-eligibility-response,StructureDefinition/il-core-medication-statement,StructureDefinition/il-core-immunization-reaction-observation,StructureDefinition/il-core-media,StructureDefinition/il-core-document-reference,StructureDefinition/il-core-immunization-recommendation,StructureDefinition/il-core-observation-lab,StructureDefinition/il-core-device,StructureDefinition/il-core-practitioner-role,StructureDefinition/il-core-coverage,StructureDefinition/il-core-plan-definition,StructureDefinition/il-core-imaging-study,StructureDefinition/il-core-practitioner,StructureDefinition/il-core-coverage-eligibility-request,StructureDefinition/il-core-device-definition,StructureDefinition/il-core-patient,StructureDefinition/il-core-diagnostic-report,StructureDefinition/il-core-medication-administration,StructureDefinition/il-core-care-team,StructureDefinition/il-core-questionnaire-response,StructureDefinition/il-core-medication,StructureDefinition/il-core-family-member-history,StructureDefinition/il-core-immunization,StructureDefinition/il-core-encounter,StructureDefinition/il-core-procedure,StructureDefinition/il-core-location,StructureDefinition/il-core-related-person,StructureDefinition/il-core-substance,StructureDefinition/il-core-medication-request,StructureDefinition/il-core-allergy-intolerance,StructureDefinition/il-core-condition,StructureDefinition/il-core-specimen,StructureDefinition/il-core-observation,StructureDefinition/il-core-organization,StructureDefinition/il-core-claim,StructureDefinition/il-core-group,StructureDefinition/il-core-service-request","hl7.terminology.r4"
http://hl7.org/fhir/ValueSet/link-type,4.0.1,active,"2.16.840.1.113883.4.642.3.423",LinkType,LinkType,"The type of link between this patient resource and another patient resource.","StructureDefinition/il-core-patient","hl7.fhir.r4.core"
http://hl7.org/fhir/ValueSet/location-mode,4.0.1,draft,"2.16.840.1.113883.4.642.3.330",LocationMode,LocationMode,"Indicates whether a resource instance represents a specific location or a class of locations.","StructureDefinition/il-core-location","hl7.fhir.r4.core"
http://hl7.org/fhir/ValueSet/location-physical-type,4.0.1,draft,"2.16.840.1.113883.4.642.3.328",LocationType,Location type,"This example value set defines a set of codes that can be used to indicate the physical form of the Location.","StructureDefinition/il-core-encounter,StructureDefinition/il-core-location","THO"
http://hl7.org/fhir/ValueSet/location-status,4.0.1,draft,"2.16.840.1.113883.4.642.3.332",LocationStatus,LocationStatus,"Indicates whether the location is still in use.","StructureDefinition/il-core-location","hl7.fhir.r4.core"
http://hl7.org/fhir/ValueSet/manifestation-or-symptom,4.0.1,draft,"2.16.840.1.113883.4.642.3.169",ManifestationAndSymptomCodes,Manifestation and Symptom Codes,"Example value set for Manifestation and Symptom codes.","StructureDefinition/il-core-condition","SCT"
http://hl7.org/fhir/ValueSet/marital-status,4.0.1,active,"2.16.840.1.113883.4.642.3.29",Marital Status Codes,MaritalStatus,"This value set defines the set of codes that can be used to indicate the marital status of a person.","StructureDefinition/il-core-patient","THO (V3)"
http://hl7.org/fhir/ValueSet/med-admin-perform-function,4.0.1,draft,"2.16.840.1.113883.4.642.3.349",MedicationAdministration Performer Function Codes,Medication administration  performer  function  codes,"MedicationAdministration Performer Function Codes","StructureDefinition/il-core-medication-administration","THO"
http://hl7.org/fhir/ValueSet/media-modality,4.0.1,draft,"2.16.840.1.113883.4.642.3.1001",MediaModality,Media Modality,"Detailed information about the type of the image - its kind, purpose, or the kind of equipment used to generate it.","StructureDefinition/il-core-media","THO"
http://hl7.org/fhir/ValueSet/media-type,4.0.1,draft,"2.16.840.1.113883.4.642.3.1000",MediaType,Media Type,"Codes for high level media categories.","StructureDefinition/il-core-media","THO"
http://hl7.org/fhir/ValueSet/media-view,4.0.1,draft,"2.16.840.1.113883.4.642.3.337",MediaCollectionView/Projection,Media Collection View/Projection,"Codes defined in SNOMED CT that can be used to record Media Recording views.","StructureDefinition/il-core-media","SCT"
http://hl7.org/fhir/ValueSet/medication-admin-status,4.0.1,draft,"2.16.840.1.113883.4.642.3.340",MedicationAdministration Status Codes,Medication administration  status  codes,"MedicationAdministration Status Codes","StructureDefinition/il-core-medication-administration","THO"
http://hl7.org/fhir/ValueSet/medication-as-needed-reason,4.0.1,draft,"2.16.840.1.113883.4.642.3.96",SNOMEDCTMedicationAsNeededReasonCodes,SNOMED CT Medication As Needed Reason Codes,"This value set includes all clinical findings from SNOMED CT - provided as an exemplar value set.","StructureDefinition/il-core-dosage,StructureDefinition/il-core-service-request","SCT"
http://hl7.org/fhir/ValueSet/medication-codes,4.0.1,draft,"2.16.840.1.113883.4.642.3.375",SNOMEDCTMedicationCodes,SNOMED CT Medication Codes,"This value set includes all drug or medicament substance codes and all pharmaceutical/biologic products from SNOMED CT - provided as an exemplar value set.","StructureDefinition/il-core-medication-statement,StructureDefinition/il-core-medication-administration,StructureDefinition/il-core-medication-request","SCT"
http://hl7.org/fhir/ValueSet/medication-form-codes,4.0.1,draft,"2.16.840.1.113883.4.642.3.374",SNOMEDCTFormCodes,SNOMED CT Form Codes,"This value set includes all dose form codes from SNOMED CT - provided as an exemplar.","StructureDefinition/il-core-medication","SCT"
http://hl7.org/fhir/ValueSet/medication-statement-status,4.0.1,draft,"2.16.840.1.113883.4.642.3.367",Medication Status Codes,Medication  status  codes,"Medication Status Codes","StructureDefinition/il-core-medication-statement","hl7.fhir.r4.core"
http://hl7.org/fhir/ValueSet/medication-status,4.0.1,draft,"2.16.840.1.113883.4.642.3.376",Medication Status Codes,Medication  status  codes,"Medication Status Codes","StructureDefinition/il-core-medication","hl7.fhir.r4.core"
http://hl7.org/fhir/ValueSet/medicationrequest-category,4.0.1,draft,"2.16.840.1.113883.4.642.3.1322",medicationRequest Category Codes,Medication request  category  codes,"MedicationRequest Category Codes","StructureDefinition/il-core-medication-request","THO"
http://hl7.org/fhir/ValueSet/medicationrequest-intent,4.0.1,draft,"2.16.840.1.113883.4.642.3.1321",medicationRequest Intent,Medication request  intent,"MedicationRequest Intent Codes","StructureDefinition/il-core-medication-request","hl7.fhir.r4.core"
http://hl7.org/fhir/ValueSet/medicationrequest-status,4.0.1,draft,"2.16.840.1.113883.4.642.3.1320",medicationrequest Status,Medicationrequest  status,"MedicationRequest Status Codes","StructureDefinition/il-core-medication-request","hl7.fhir.r4.core"
http://hl7.org/fhir/ValueSet/medicationrequest-status-reason,4.0.1,draft,"2.16.840.1.113883.4.642.3.1324",medicationRequest Status Reason Codes,Medication request  status  reason  codes,"MedicationRequest Status Reason Codes","StructureDefinition/il-core-medication-request","THO"
http://hl7.org/fhir/ValueSet/missing-tooth-reason,4.0.1,draft,"2.16.840.1.113883.4.642.3.534",MissingToothReasonCodes,Missing Tooth Reason Codes,"This value set includes sample Missing Tooth Reason codes.","StructureDefinition/il-core-claim","THO"
http://hl7.org/fhir/ValueSet/name-use,4.0.1,active,"2.16.840.1.113883.4.642.3.65",NameUse,NameUse,"The use of a human name.","StructureDefinition/il-core-practitioner,StructureDefinition/il-core-patient,StructureDefinition/il-core-related-person","hl7.fhir.r4.core"
http://hl7.org/fhir/ValueSet/observation-category,4.0.1,draft,"2.16.840.1.113883.4.642.3.403",ObservationCategoryCodes,Observation Category Codes,"Observation Category codes.","StructureDefinition/il-core-observation,StructureDefinition/il-core-immunization-reaction-observation,StructureDefinition/il-core-observation-lab","THO"
http://hl7.org/fhir/ValueSet/observation-codes,4.0.1,draft,"2.16.840.1.113883.4.642.3.396",LOINCCodes,LOINC Codes,"This value set includes all LOINC codes","StructureDefinition/il-core-plan-definition,StructureDefinition/il-core-immunization-reaction-observation","LOINC"
http://hl7.org/fhir/ValueSet/observation-interpretation,4.0.1,active,"2.16.840.1.113883.4.642.3.399",ObservationInterpretationCodes,Observation Interpretation Codes,"A categorical assessment, providing a rough qualitative interpretation of the observation value,    such as “normal”/ “abnormal”,”low” / “high”, “better” / “worse”, “susceptible” / “resistant”, “expected”/ “not expected”.    The value set is intended to be for ANY use where coded representation of an interpretation is needed.             Notes:          This is being communicated in v2.x in OBX-8 (Observation Interpretation), in v3 in ObservationInterpretation (CWE) in R1 (Representative Realm) and in FHIR in    Observation.interpretation. Historically these values come from the laboratory domain, and these codes are extensively    used. The value set binding is extensible, so codes outside the value set that are needed for interpretation concepts    (i.e. particular meanings) that are not included in the value set can be used, and these new codes may also be added to    the value set and published in a future version.","StructureDefinition/il-core-observation,StructureDefinition/il-core-immunization-reaction-observation,StructureDefinition/il-core-observation-lab","THO (V3)"
http://hl7.org/fhir/ValueSet/observation-methods,4.0.1,draft,"2.16.840.1.113883.4.642.3.395",ObservationMethods,Observation Methods,"Observation Method codes from [SNOMED CT](http://snomed.info/sct) where concept is-a 272394005 (Technique (qualifier value)) or is-a 129264002 (Action (qualifier value)) or is-a 386053000 (Evaluation procedure(procedure))","StructureDefinition/il-core-observation,StructureDefinition/il-core-immunization-reaction-observation,StructureDefinition/il-core-observation-lab","SCT"
http://hl7.org/fhir/ValueSet/observation-status,4.0.1,active,"2.16.840.1.113883.4.642.3.400",ObservationStatus,ObservationStatus,"Codes providing the status of an observation.","StructureDefinition/il-core-observation,StructureDefinition/il-core-immunization-reaction-observation,StructureDefinition/il-core-observation-lab","hl7.fhir.r4.core"
http://hl7.org/fhir/ValueSet/participant-role,4.0.1,draft,"2.16.840.1.113883.4.642.3.152",ParticipantRoles,Participant Roles,"Roles of participants that may be included in a care team.  Defined as: Is a Person, Healthcare professional (occupation) or Healthcare related organization (qualifier value).","StructureDefinition/il-core-care-team,StructureDefinition/il-core-service-request","SCT"
http://hl7.org/fhir/ValueSet/patient-contactrelationship,4.0.1,active,"2.16.840.1.113883.4.642.3.1130",PatientContactRelationship,Patient Contact Relationship ,"The nature of the relationship between the patient and the contact person.","StructureDefinition/il-core-patient","THO (V2)"
http://hl7.org/fhir/ValueSet/payeetype,4.0.1,draft,"2.16.840.1.113883.4.642.3.31",Claim Payee Type Codes,PayeeType,"This value set includes sample Payee Type codes.","StructureDefinition/il-core-claim","THO"
http://hl7.org/fhir/ValueSet/performer-role,4.0.1,draft,"2.16.840.1.113883.4.642.3.433",ProcedurePerformerRoleCodes,Procedure Performer Role Codes,"This example value set defines the set of codes that can be used to indicate a role of a procedure performer.","StructureDefinition/il-core-procedure,StructureDefinition/il-core-medication-request","SCT"
http://hl7.org/fhir/ValueSet/plan-definition-type,4.0.1,draft,"2.16.840.1.113883.4.642.3.797",PlanDefinitionType,PlanDefinitionType,"The type of PlanDefinition.","StructureDefinition/il-core-plan-definition","THO"
http://hl7.org/fhir/ValueSet/practitioner-role,4.0.1,draft,"2.16.840.1.113883.4.642.3.439",PractitionerRole,Practitioner role,"This example value set defines a set of codes that can be used to indicate the role of a Practitioner.","StructureDefinition/il-core-practitioner-role","SCT,THO"
http://hl7.org/fhir/ValueSet/procedure-category,4.0.1,draft,"2.16.840.1.113883.4.642.3.430",ProcedureCategoryCodes(SNOMEDCT),Procedure Category Codes (SNOMED CT),"Procedure Category code: A selection of relevant SNOMED CT codes.","StructureDefinition/il-core-procedure","SCT"
http://hl7.org/fhir/ValueSet/procedure-followup,4.0.1,draft,"2.16.840.1.113883.4.642.3.429",ProcedureFollowUpCodes(SNOMEDCT),Procedure Follow up Codes (SNOMED CT),"Procedure follow up codes: A selection of SNOMED CT codes relevant to procedure follow up.","StructureDefinition/il-core-procedure","SCT"
http://hl7.org/fhir/ValueSet/procedure-not-performed-reason,4.0.1,active,"2.16.840.1.113883.4.642.3.431",ProcedureNotPerformedReason(SNOMED-CT),Procedure Not Performed Reason (SNOMED-CT),"Situation codes describing the reason that a procedure, which might otherwise be expected, was not performed, or a procedure that was started and was not completed. Consists of SNOMED CT codes, children of procedure contraindicated (183932001), procedure discontinued (416406003), procedure not done (416237000), procedure not indicated (428119001), procedure not offered (416064006), procedure not wanted (416432009), procedure refused (183944003), and procedure stopped (394908001).","StructureDefinition/il-core-procedure","SCT"
http://hl7.org/fhir/ValueSet/procedure-outcome,4.0.1,draft,"2.16.840.1.113883.4.642.3.428",ProcedureOutcomeCodes(SNOMEDCT),Procedure Outcome Codes (SNOMED CT),"Procedure Outcome code: A selection of relevant SNOMED CT codes.","StructureDefinition/il-core-procedure","SCT"
http://hl7.org/fhir/ValueSet/procedure-reason,4.0.1,draft,"2.16.840.1.113883.4.642.3.432",ProcedureReasonCodes,Procedure Reason Codes,"This example value set defines the set of codes that can be used to indicate a reason for a procedure.","StructureDefinition/il-core-imaging-study,StructureDefinition/il-core-media","SCT"
http://hl7.org/fhir/ValueSet/process-priority,4.0.1,draft,"2.16.840.1.113883.4.642.3.552",ProcessPriorityCodes,Process Priority Codes,"This value set includes the financial processing priority codes.","StructureDefinition/il-core-coverage-eligibility-request,StructureDefinition/il-core-claim","THO"
http://hl7.org/fhir/ValueSet/provider-qualification,4.0.1,draft,"2.16.840.1.113883.4.642.3.570",ExampleProviderQualificationCodes,Example Provider Qualification Codes,"This value set includes sample Provider Qualification codes.","StructureDefinition/il-core-claim","THO"
http://hl7.org/fhir/ValueSet/publication-status,4.0.1,active,"2.16.840.1.113883.4.642.3.3",PublicationStatus,PublicationStatus,"The lifecycle status of an artifact.","StructureDefinition/il-core-plan-definition,StructureDefinition/il-core-questionnaire","hl7.fhir.r4.core"
http://hl7.org/fhir/ValueSet/questionnaire-answers,4.0.1,draft,"2.16.840.1.113883.4.642.3.446",QuestionnaireAnswerCodes,Questionnaire Answer Codes,"Example list of codes for answers to questions. (Not complete or necessarily appropriate.)","StructureDefinition/il-core-questionnaire-response,StructureDefinition/il-core-questionnaire","SCT"
http://hl7.org/fhir/ValueSet/questionnaire-answers-status,4.0.1,draft,"required",QuestionnaireResponseStatus,QuestionnaireResponseStatus,"Lifecycle status of the questionnaire response.","StructureDefinition/il-core-questionnaire-response","hl7.fhir.r4.core"
http://hl7.org/fhir/ValueSet/questionnaire-enable-behavior,4.0.1,draft,"2.16.840.1.113883.4.642.3.1007",EnableWhenBehavior,EnableWhenBehavior,"Controls how multiple enableWhen values are interpreted -  whether all or any must be true.","StructureDefinition/il-core-questionnaire","hl7.fhir.r4.core"
http://hl7.org/fhir/ValueSet/questionnaire-enable-operator,4.0.1,draft,"2.16.840.1.113883.4.642.3.1005",QuestionnaireItemOperator,QuestionnaireItemOperator,"The criteria by which a question is enabled.","StructureDefinition/il-core-questionnaire","hl7.fhir.r4.core"
http://hl7.org/fhir/ValueSet/questionnaire-questions,4.0.1,draft,"2.16.840.1.113883.4.642.3.443",QuestionnaireQuestionCodes,Questionnaire Question Codes,"Example list of codes for questions and groups of questions. (Not necessarily complete or appropriate.)","StructureDefinition/il-core-questionnaire","LOINC"
http://hl7.org/fhir/ValueSet/reaction-event-severity,4.0.1,draft,"2.16.840.1.113883.4.642.3.135",AllergyIntoleranceSeverity,AllergyIntoleranceSeverity,"Clinical assessment of the severity of a reaction event as a whole, potentially considering multiple different manifestations.","StructureDefinition/il-core-allergy-intolerance","hl7.fhir.r4.core"
http://hl7.org/fhir/ValueSet/reason-medication-given-codes,4.0.1,draft,"2.16.840.1.113883.4.642.3.344",ReasonMedicationGivenCodes,Reason Medication Given Codes,"This value set is provided as an example. The value set to instantiate this attribute should be drawn from a robust terminology code system that consists of or contains concepts to support the medication process.","StructureDefinition/il-core-medication-administration","THO"
http://hl7.org/fhir/ValueSet/reason-medication-not-given-codes,4.0.1,draft,"2.16.840.1.113883.4.642.3.342",SNOMEDCTReasonMedicationNotGivenCodes,SNOMED CT Reason Medication Not Given Codes,"This value set includes all medication refused, medication not administered, and non-administration of necessary drug or medicine codes from SNOMED CT - provided as an exemplar value set.","StructureDefinition/il-core-medication-administration","SCT"
http://hl7.org/fhir/ValueSet/reason-medication-status-codes,4.0.1,draft,"2.16.840.1.113883.4.642.3.369",SNOMEDCTDrugTherapyStatusCodes,SNOMED CT Drug Therapy Status codes ,"This value set includes some taken and not taken reason codes from SNOMED CT - provided as an exemplar","StructureDefinition/il-core-medication-statement","SCT"
http://hl7.org/fhir/ValueSet/referencerange-appliesto,4.0.1,draft,"2.16.840.1.113883.4.642.3.407",ObservationReferenceRangeAppliesToCodes,Observation Reference Range Applies To Codes,"This value set defines a set of codes that can be used to indicate the particular target population the reference range applies to.","StructureDefinition/il-core-observation,StructureDefinition/il-core-immunization-reaction-observation,StructureDefinition/il-core-observation-lab","SCT"
http://hl7.org/fhir/ValueSet/referencerange-meaning,4.0.1,draft,"2.16.840.1.113883.4.642.3.397",ObservationReferenceRangeMeaningCodes,Observation Reference Range Meaning Codes,"This value set defines a set of codes that can be used to indicate the meaning/use of a reference range for a particular target population.","StructureDefinition/il-core-observation,StructureDefinition/il-core-immunization-reaction-observation,StructureDefinition/il-core-observation-lab","THO"
http://hl7.org/fhir/ValueSet/related-claim-relationship,4.0.1,draft,"2.16.840.1.113883.4.642.3.568",ExampleRelatedClaimRelationshipCodes,Example Related Claim Relationship Codes,"This value set includes sample Related Claim Relationship codes.","StructureDefinition/il-core-claim","THO"
http://hl7.org/fhir/ValueSet/remittance-outcome,4.0.1,draft,"2.16.840.1.113883.4.642.3.13",ClaimProcessingCodes,Claim Processing Codes,"This value set includes Claim Processing Outcome codes.","StructureDefinition/il-core-coverage-eligibility-response","hl7.fhir.r4.core"
http://hl7.org/fhir/ValueSet/report-codes,4.0.1,draft,"2.16.840.1.113883.4.642.3.233",LOINCDiagnosticReportCodes,LOINC Diagnostic Report Codes,"This value set includes LOINC codes that relate to Diagnostic Observations.","StructureDefinition/il-core-diagnostic-report","LOINC"
http://hl7.org/fhir/ValueSet/request-intent,4.0.1,draft,"2.16.840.1.113883.4.642.3.113",RequestIntent,RequestIntent,"Codes indicating the degree of authority/intentionality associated with a request.","StructureDefinition/il-core-service-request","hl7.fhir.r4.core"
http://hl7.org/fhir/ValueSet/request-priority,4.0.1,draft,"2.16.840.1.113883.4.642.3.115",RequestPriority,Request priority,"The clinical priority of a diagnostic order.","StructureDefinition/il-core-plan-definition,StructureDefinition/il-core-medication-request,StructureDefinition/il-core-service-request","hl7.fhir.r4.core"
http://hl7.org/fhir/ValueSet/request-status,4.0.1,draft,"2.16.840.1.113883.4.642.3.111",RequestStatus,RequestStatus,"Codes identifying the lifecycle stage of a request.","StructureDefinition/il-core-service-request","hl7.fhir.r4.core"
http://hl7.org/fhir/ValueSet/resource-types,5.0.0,active,"2.16.840.1.113883.4.642.3.27",ResourceType,Resource Types,"Concrete FHIR Resource Types","StructureDefinition/il-core-observation-lab,StructureDefinition/il-core-medication-request","FHIR"
http://hl7.org/fhir/ValueSet/resource-types,4.0.1,active,"2.16.840.1.113883.4.642.3.27",ResourceType,ResourceType,"One of the resource types defined as part of this version of FHIR.","StructureDefinition/il-core-questionnaire","hl7.fhir.r4.core"
http://hl7.org/fhir/ValueSet/route-codes,4.0.1,draft,"2.16.840.1.113883.4.642.3.98",SNOMEDCTRouteCodes,SNOMED CT Route Codes,"This value set includes all Route codes from SNOMED CT - provided as an exemplar.","StructureDefinition/il-core-medication-administration,StructureDefinition/il-core-dosage","SCT"
http://hl7.org/fhir/ValueSet/security-labels,4.0.1,active,"2.16.840.1.113883.4.642.3.47",All Security Labels,SecurityLabels,"A single value set for all security labels defined by FHIR.","StructureDefinition/il-core-document-reference",
http://hl7.org/fhir/ValueSet/series-performer-function,4.0.1,draft,"2.16.840.1.113883.4.642.3.989",ImagingStudySeriesPerformerFunction,ImagingStudy series performer function,"Performer function of an agent in an imaging study series","StructureDefinition/il-core-imaging-study","THO (V3)"
http://hl7.org/fhir/ValueSet/service-place,4.0.1,draft,"2.16.840.1.113883.4.642.3.564",ExampleServicePlaceCodes,Example Service Place Codes,"This value set includes a smattering of Service Place codes.","StructureDefinition/il-core-claim","THO"
http://hl7.org/fhir/ValueSet/service-uscls,4.0.1,draft,"2.16.840.1.113883.4.642.3.542",USCLSCodes,USCLS Codes,"This value set includes a smattering of USCLS codes.","StructureDefinition/il-core-coverage-eligibility-response,StructureDefinition/il-core-coverage-eligibility-request,StructureDefinition/il-core-claim","THO"
http://hl7.org/fhir/ValueSet/servicerequest-category,4.0.1,draft,"2.16.840.1.113883.4.642.3.434",ServiceRequestCategoryCodes,Service Request Category Codes,"An example value set of SNOMED CT concepts that can classify a requested service","StructureDefinition/il-core-service-request","SCT"
http://hl7.org/fhir/ValueSet/servicerequest-orderdetail,4.0.1,draft,"2.16.840.1.113883.4.642.3.435",ServiceRequestOrderDetailsCodes,Service Request Order Details Codes,"An example value set of Codified order entry details concepts.  These concepts only make sense in the context of what is being ordered.  This example is for a patient ventilation order","StructureDefinition/il-core-service-request","SCT"
http://hl7.org/fhir/ValueSet/specimen-collection-method,4.0.1,draft,"2.16.840.1.113883.4.642.3.468",FHIRSpecimenCollectionMethod,FHIR Specimen Collection Method," This example value set defines a set of codes that can be used to indicate the method by which a specimen was collected.","StructureDefinition/il-core-specimen","SCT"
http://hl7.org/fhir/ValueSet/specimen-container-type,4.0.1,draft,"2.16.840.1.113883.4.642.3.470",SpecimenContainerType,Specimen Container Type,"Checks on the patient prior specimen collection. All SNOMED CT concepts descendants of 706041008 |Device for body fluid and tissue collection/transfer/processing (physical object)|","StructureDefinition/il-core-specimen","SCT"
http://hl7.org/fhir/ValueSet/specimen-processing-procedure,4.0.1,draft,"2.16.840.1.113883.4.642.3.469",SpecimenProcessingProcedure,Specimen processing procedure,"The technique that is used to perform the process or preserve the specimen.","StructureDefinition/il-core-specimen","THO (V2)"
http://hl7.org/fhir/ValueSet/specimen-status,4.0.1,draft,"2.16.840.1.113883.4.642.3.471",SpecimenStatus,SpecimenStatus,"Codes providing the status/availability of a specimen.","StructureDefinition/il-core-specimen","hl7.fhir.r4.core"
http://hl7.org/fhir/ValueSet/subject-type,4.0.1,draft,"2.16.840.1.113883.4.642.3.775",SubjectType,Subject type,"Possible types of subjects.","StructureDefinition/il-core-plan-definition","hl7.fhir.r4.core"
http://hl7.org/fhir/ValueSet/subscriber-relationship,4.0.1,draft,"2.16.840.1.113883.4.642.3.1385",SubscriberRelationshipCodes,SubscriberPolicyholder Relationship Codes,"This value set includes codes for the relationship between the Subscriber and the Beneficiary (insured/covered party/patient).","StructureDefinition/il-core-coverage","THO"
http://hl7.org/fhir/ValueSet/substance-category,4.0.1,draft,"2.16.840.1.113883.4.642.3.476",SubstanceCategoryCodes,Substance Category Codes,"Substance category codes","StructureDefinition/il-core-substance","THO"
http://hl7.org/fhir/ValueSet/substance-code,4.0.1,draft,"2.16.840.1.113883.4.642.3.473",SubstanceCode,Substance Code,"This value set contains concept codes for specific substances. It includes codes from [SNOMED](http://snomed.info/sct) where concept is-a 105590001 (Substance (substance)) and where concept is-a 373873005 (Pharmaceutical / biologic product (product))","StructureDefinition/il-core-substance","SCT"
http://hl7.org/fhir/ValueSet/substance-status,4.0.1,draft,"2.16.840.1.113883.4.642.3.474",FHIRSubstanceStatus,FHIRSubstanceStatus,"A code to indicate if the substance is actively used.","StructureDefinition/il-core-substance","hl7.fhir.r4.core"
http://hl7.org/fhir/ValueSet/surface,4.0.1,draft,"2.16.840.1.113883.4.642.3.546",SurfaceCodes,Surface Codes,"This value set includes a smattering of FDI tooth surface codes.","StructureDefinition/il-core-claim","THO"
http://hl7.org/fhir/ValueSet/tooth,4.0.1,draft,"2.16.840.1.113883.4.642.3.540",OralSiteCodes,Oral Site Codes,"This value set includes a smattering of FDI oral site codes.","StructureDefinition/il-core-claim","THO"
http://hl7.org/fhir/ValueSet/udi-entry-type,4.0.1,draft,"2.16.840.1.113883.4.642.3.211",UDIEntryType,UDIEntryType,"Codes to identify how UDI data was entered.","StructureDefinition/il-core-device","hl7.fhir.r4.core"
http://hl7.org/fhir/ValueSet/vaccine-code,4.0.1,active,"2.16.840.1.113883.3.88.12.80.22",VaccineAdministeredValueSet,Vaccine Administered Value Set,"This identifies the vaccine substance administered - CVX codes.","StructureDefinition/il-core-immunization,StructureDefinition/il-core-immunization-recommendation","hl7.terminology.r4,Other"
http://terminology.hl7.org/ValueSet/v2-0092,2.0.0,active,"2.16.840.1.113883.21.40",Hl7VSReAdmissionIndicator,hl7VS-re-admissionIndicator,"Value Set of codes which are used to specify that a patient is being re-admitted to a healthcare facility from which they were discharged, and indicates the circumstances around such re-admission.","StructureDefinition/il-core-encounter","THO (V2)"
http://terminology.hl7.org/ValueSet/v2-0116,2.0.0,active,"2.16.840.1.113883.21.51",Hl7VSBedStatus,hl7VS-bedStatus,"Value Set of codes that specify the state of a bed in an inpatient setting, and is used to determine if a patient may be assigned to it or not.","StructureDefinition/il-core-location","THO (V2)"
http://terminology.hl7.org/ValueSet/v2-0371,2.0.0,active,"2.16.840.1.113883.21.245",Hl7VSAdditivePreservative,hl7VS-additivePreservative,"Concepts specifying any additive introduced to the specimen before or at the time of collection.  These additives may be introduced in order to preserve, maintain or enhance the particular nature or component of the specimen.  Used in Version 2 messaging in the SPM segment.","StructureDefinition/il-core-specimen","THO (V2)"
http://terminology.hl7.org/ValueSet/v2-0487,2.0.0,active,"2.16.840.1.113883.21.327",Hl7VSSpecimenType,hl7VS-specimenType,"Concepts that describe the precise nature of an entity that may be used as the source material for an observation.  This is one of two code systems that are used instead of table 0070 (code system xxxx) which conflated specimen types and specimen collection methods.   Used in Version 2 messaging in the SPM segment.","StructureDefinition/il-core-specimen","THO (V2)"
http://terminology.hl7.org/ValueSet/v2-0493,2.0.0,active,"2.16.840.1.113883.21.333",Hl7VSSpecimenCondition,hl7VS-specimenCondition,"Concepts of modes or states of being that describe the nature of a specimen.  Used in Version 2 messaging in the SPM segment.","StructureDefinition/il-core-specimen","THO (V2)"
http://terminology.hl7.org/ValueSet/v2-0916,2.0.0,active,"2.16.840.1.113883.21.440",Hl7VSRelevantClincialInformation,hl7VS-relevantClincialInformation,"Value Set of codes that specify additional clinical information about the patient or specimen to report the supporting and/or suspected diagnosis and clinical findings on requests for interpreted diagnostic studies.","StructureDefinition/il-core-specimen","THO (V2)"
http://terminology.hl7.org/ValueSet/v2-2.7-0360,0360,active,,v2.0360.2.7,v2 table 0360, Version 2.7,"FHIR Value set/code system definition for HL7 v2 table 0360 ver 2.9 ( Degree/License/Certificate)","StructureDefinition/il-core-practitioner","THO (V2)"
http://terminology.hl7.org/ValueSet/v3-ActCode,2.0.0,active,,ActCode,v3 Code System ActCode,"A code specifying the particular kind of Act that the Act-instance represents within its class.  Constraints:  The kind of Act (e.g. physical examination, serum potassium, inpatient encounter, charge financial transaction, etc.) is specified with a code from one of several, typically external, coding systems.  The coding system will depend on the class of Act, such as LOINC for observations, etc. Conceptually, the Act.code must be a specialization of the Act.classCode. This is why the structure of ActClass domain should be reflected in the superstructure of the ActCode domain and then individual codes or externally referenced vocabularies subordinated under these domains that reflect the ActClass structure. Act.classCode and Act.code are not modifiers of each other but the Act.code concept should really imply the Act.classCode concept. For a negative example, it is not appropriate to use an Act.code ""potassium"" together with and Act.classCode for ""laboratory observation"" to somehow mean ""potassium laboratory observation"" and then use the same Act.code for ""potassium"" together with Act.classCode for ""medication"" to mean ""substitution of potassium"". This mutually modifying use of Act.code and Act.classCode is not permitted.","StructureDefinition/il-core-document-reference","THO (V3)"
http://terminology.hl7.org/ValueSet/v3-ActIncidentCode,2.0.0,active,"2.16.840.1.113883.1.11.16508",ActIncidentCode,ActIncidentCode,"Set of codes indicating the type of incident or accident.","StructureDefinition/il-core-claim","THO (V3)"
http://terminology.hl7.org/ValueSet/v3-ActPriority,2.0.0,active,"2.16.840.1.113883.1.11.16866",ActPriority,ActPriority,"A code or set of codes (e.g., for routine, emergency,) specifying the urgency under which the Act happened, can happen, is happening, is intended to happen, or is requested/demanded to happen.    *Discussion:* This attribute is used in orders to indicate the ordered priority, and in event documentation it indicates the actual priority used to perform the act. In definition mood it indicates the available priorities.","StructureDefinition/il-core-encounter","THO (V3)"
http://terminology.hl7.org/ValueSet/v3-ActSubstanceAdminSubstitutionCode,2.0.0,active,"2.16.840.1.113883.1.11.16621",ActSubstanceAdminSubstitutionCode,ActSubstanceAdminSubstitutionCode,"***No description***","StructureDefinition/il-core-medication-request","THO (V3)"
http://terminology.hl7.org/ValueSet/v3-FamilyMember,2.0.0,active,"2.16.840.1.113883.1.11.19579",FamilyMember,FamilyMember,"A relationship between two people characterizing their ""familial"" relationship","StructureDefinition/il-core-family-member-history","THO (V3)"
http://terminology.hl7.org/ValueSet/v3-ServiceDeliveryLocationRoleType,2.0.0,active,"2.16.840.1.113883.1.11.17660",ServiceDeliveryLocationRoleType,ServiceDeliveryLocationRoleType,"A role of a place that further classifies the setting (e.g., accident site, road side, work site, community location) in which services are delivered.","StructureDefinition/il-core-location,StructureDefinition/il-core-service-request","THO (V3)"
http://terminology.hl7.org/ValueSet/v3-SubstanceAdminSubstitutionReason,2.0.0,active,"2.16.840.1.113883.1.11.19377",SubstanceAdminSubstitutionReason,SubstanceAdminSubstitutionReason,"***No description***","StructureDefinition/il-core-medication-request","THO (V3)"
