{"resourceType":"CodeSystem","id":"institution-type-moh","text":{"status":"generated","div":"<div xmlns=\"http://www.w3.org/1999/xhtml\"><p>This case-insensitive code system <code>http://fhir.health.gov.il/cs/institution-type-moh</code> defines the following codes:</p><table class=\"codes\"><tr><td style=\"white-space:nowrap\"><b>Code</b></td><td><b>Display</b></td><td><b>Definition</b></td></tr><tr><td style=\"white-space:nowrap\">99<a name=\"institution-type-moh-99\"> </a></td><td>לא ידוע</td><td>ערך ברירת מחדל במקרה שערך סוג מוסד הבריאות לא קיים מאחר הגיע ריק</td></tr><tr><td style=\"white-space:nowrap\">1<a name=\"institution-type-moh-1\"> </a></td><td>אשפוז כללי</td><td>אשפוז כללי הוא הערך המתאים לבתי חולים כלליים המקבלים רישוי ממשרד הבריאות ומפורסמים במאגר המוסדות.  מוסדות אלה מקבלים תקן מיטות ועמדות טיפול לפי הסוגים השונים. בתי החולים יכולים להיות בבעלות ממשלתית, ציבורית, קופות החולים, הדסה או פרטית.</td></tr><tr><td style=\"white-space:nowrap\">2<a name=\"institution-type-moh-2\"> </a></td><td>בתי יולדות</td><td>בתי יולדות הוא הערך המתאים לבתי חולים ליולדות המקבלים רישוי ממשרד הבריאות ומפורסמים במאגר המוסדות.  מוסדות אלה מקבלים תקן מיטות שפוז וחדרי לידה לפי הסוגים השונים.</td></tr><tr><td style=\"white-space:nowrap\">3<a name=\"institution-type-moh-3\"> </a></td><td>בית חולים לילדים</td><td>בית חולים לילדים הוא הערך המתאים לבתי חולים כלליים לילדים המקבלים רישוי ממשרד הבריאות ומפורסמים במאגר המוסדות.  מוסדות אלה מקבלים תקן מיטות ועמדות טיפול לפי הסוגים השונים</td></tr><tr><td style=\"white-space:nowrap\">11<a name=\"institution-type-moh-11\"> </a></td><td>בריאות הנפש</td><td>בריאות הנפש הוא הערך המתאים לבתי חולים פסיכיאטריים המקבלים רישוי ממשרד הבריאות וכמו כן תקן מיטות ועמדות טיפול לפי הסוגים השונים. בתי החולים יכולים להיות בבעלות ממשלתית, ציבורית, קופות החולים או פרטית.</td></tr><tr><td style=\"white-space:nowrap\">12<a name=\"institution-type-moh-12\"> </a></td><td>מעונות נפש</td><td>מעונות נפש הוא הערך המתאים למעונות לשיקום פסיכיאטרי המקבלים רישוי ממשרד הבריאות</td></tr><tr><td style=\"white-space:nowrap\">15<a name=\"institution-type-moh-15\"> </a></td><td>גמילה סמים-רפואי</td><td>גמילה סמים-רפואי הוא הערך המתאים למוסדות בריאות הנפש לטיפול במשתמשים בסמים אשפוזי רפואי, המקבלים רישוי ממשרד הבריאות  ומפורסמים במאגר המוסדות.</td></tr><tr><td style=\"white-space:nowrap\">16<a name=\"institution-type-moh-16\"> </a></td><td>גמילת סמים-משולב</td><td>גמילה סמים-משולב הוא הערך המתאים למוסדות בריאות הנפש לטיפול במשתמשים בסמים אשפוזי משולב, המקבלים רישוי ממשרד הבריאות ומפורסמים במאגר המוסדות.</td></tr><tr><td style=\"white-space:nowrap\">17<a name=\"institution-type-moh-17\"> </a></td><td>גמילת סמים בבי&quot;ח</td><td/></tr><tr><td style=\"white-space:nowrap\">21<a name=\"institution-type-moh-21\"> </a></td><td>מחלות ממושכות</td><td>מחלות ממושכות הוא הערך המתאים למוסדות אשפוז גריאטרי ארוך במקרה של מחלות ממושכות המקבלים רישוי ממשרד הבריאות ומפורסמים במאגר המוסדות.</td></tr><tr><td style=\"white-space:nowrap\">22<a name=\"institution-type-moh-22\"> </a></td><td>מרכזים גריאטרים</td><td>מרכזים גריאטרים הוא הערך המתאים לבתי חולים גריאטריים המקבלים רישוי ממשרד הבריאות ומפורסמים במאגר המוסדות.  מוסדות אלה מקבלים תקן מיטות ועמדות טיפול לפי הסוגים השונים</td></tr><tr><td style=\"white-space:nowrap\">23<a name=\"institution-type-moh-23\"> </a></td><td>מוסדות גריאטרים</td><td>מוסדות גריאטרים הוא הערך המתאים למוסדות גריאטרים (כמו בתי אבות)  המקבלים רישוי ממשרד הבריאות</td></tr><tr><td style=\"white-space:nowrap\">24<a name=\"institution-type-moh-24\"> </a></td><td>מח' סיעוד בקיבוץ</td><td>מח' סיעוד בקיבוץ הוא הערך המתאים למוסדות גריאטרים (בתי אבות בקיבוצים)  המקבלים רישוי ממשרד הבריאות ומפורסמים במאגר המוסדות.</td></tr><tr><td style=\"white-space:nowrap\">25<a name=\"institution-type-moh-25\"> </a></td><td>שיקום</td><td>בית חולים שיקומי הוא הערך המתאים לבתי חולים שיקומיים המקבלים רישוי ממשרד הבריאות ומפורסמים במאגר המוסדות. מוסדות אלה מקבלים תקן מיטות ועמדות טיפול לפי הסוגים השונים.</td></tr><tr><td style=\"white-space:nowrap\">26<a name=\"institution-type-moh-26\"> </a></td><td>רווחה – בתי אבות (תשושים)</td><td>רווחה – בתי אבות (תשושים) הוא הערך המתאים לבתי אבות בהם שוהים תשושים. מוסדות אלה מקבלים רישוי ממשרד הרווחה ולא מממשרד הבריאות.</td></tr><tr><td style=\"white-space:nowrap\">27<a name=\"institution-type-moh-27\"> </a></td><td>רווחה – דיור מוגן (עצמאים)</td><td>רווחה – דיור מוגן (עצמאים) הוא הערך המתאים לדיור מוגן (בתי אבות) בהם שוהים עצמאים. מוסדות אלה מקבלים רישוי ממשרד הרווחה ולא מממשרד הבריאות.</td></tr><tr><td style=\"white-space:nowrap\">28<a name=\"institution-type-moh-28\"> </a></td><td>גריאטרי אחר</td><td>גריאטרי אחר הוא הערך המתאים לבתי אבות בהם שוהים מבוגרים שלא מוגדרים כתשושים אך אינם עמצאיים. מוסדות אלה מקבלים רישוי ממשרד הרווחה ולא מממשרד הבריאות.</td></tr><tr><td style=\"white-space:nowrap\">29<a name=\"institution-type-moh-29\"> </a></td><td>הנסן</td><td>הנסן</td></tr><tr><td style=\"white-space:nowrap\">31<a name=\"institution-type-moh-31\"> </a></td><td>ב. הנפש בקהילה</td><td>ב. הנפש בקהילה הוא הערך המתאים למרפאות בריאות הנפש בקהילה (של קופות החולים)</td></tr><tr><td style=\"white-space:nowrap\">32<a name=\"institution-type-moh-32\"> </a></td><td>גריאטריה בקהילה</td><td>גריאטריה בקהילה הוא הערך המתאים למרפאות גריאטריים בקהילה (של קופות החולים)</td></tr><tr><td style=\"white-space:nowrap\">33<a name=\"institution-type-moh-33\"> </a></td><td>דיאליזה בקהילה</td><td>דיאליזה בקהילה הוא הערך המתאים למרפאות דיאליזה בקהילה (של קופות החולים)</td></tr><tr><td style=\"white-space:nowrap\">34<a name=\"institution-type-moh-34\"> </a></td><td>התפתחות הילד</td><td>התפתחות הילד הוא הערך המתאים למרפאות להתפתחות הילד בקהילה (של קופות החולים)</td></tr><tr><td style=\"white-space:nowrap\">35<a name=\"institution-type-moh-35\"> </a></td><td>בדיקת סרטן השד</td><td>בדיקת סרטן השד הוא הערך המתאים למרפאות לבדיקת סרטן השד בקהילה (של קופות החולים)</td></tr><tr><td style=\"white-space:nowrap\">36<a name=\"institution-type-moh-36\"> </a></td><td>קבלני שירותי רפואה</td><td/></tr><tr><td style=\"white-space:nowrap\">39<a name=\"institution-type-moh-39\"> </a></td><td>מ. טיפול בשחפת</td><td/></tr><tr><td style=\"white-space:nowrap\">37<a name=\"institution-type-moh-37\"> </a></td><td>גמילה סמ-רפו-אמב</td><td>גמילה סמ-רפו-אמב הוא הערך המתאים למוסדות בריאות הנפש לטיפול אמבולטורי רפואי במשתמשים בסמים , המקבלים רישוי ממשרד הבריאות ומפורסמים במאגר המוסדות.</td></tr><tr><td style=\"white-space:nowrap\">38<a name=\"institution-type-moh-38\"> </a></td><td>גמילה סמ-משו-אמב</td><td>גמילה סמ-משו-אמב הוא הערך המתאים למוסדות בריאות הנפש לטיפול משולב אמבולטורי רפואי במשתמשים בסמים , המקבלים רישוי ממשרד הבריאות ומפורסמים במאגר המוסדות.</td></tr><tr><td style=\"white-space:nowrap\">40<a name=\"institution-type-moh-40\"> </a></td><td>גמילה סמים ביח א</td><td/></tr><tr><td style=\"white-space:nowrap\">41<a name=\"institution-type-moh-41\"> </a></td><td>מעבדות/מכונים</td><td>מעבדות/מכונים הוא הערך המתאים למעבדות ומכונים המקבלים רישוי ממשרד הבריאות.</td></tr><tr><td style=\"white-space:nowrap\">42<a name=\"institution-type-moh-42\"> </a></td><td>מכון צילום שינים</td><td>מכון צילום שינים הוא הערך המתאים למכונים לצילום שיניים המקבלים רישוי ממשרד הבריאות.</td></tr><tr><td style=\"white-space:nowrap\">43<a name=\"institution-type-moh-43\"> </a></td><td>מכון לרפואת שינה</td><td>מכון לרפואת שינה הוא הערך המתאים למכונים לרפואת שינה המקבלים רישוי ממשרד הבריאות.</td></tr><tr><td style=\"white-space:nowrap\">44<a name=\"institution-type-moh-44\"> </a></td><td>מכון גסטרו</td><td/></tr><tr><td style=\"white-space:nowrap\">51<a name=\"institution-type-moh-51\"> </a></td><td>תחנה ב. המשפחה</td><td>תחנה ב. המשפחה הוא הערך המתאים למרפאות לבריאות המשפחה המשמשות כטיפת חלב ומעקב הריון המקבלים רישוי ממשרד הבריאות. מרפאות אלה יכולות להיות בבעלות משרד הבריאות, קופות החולים ורשויות מקומיות.</td></tr><tr><td style=\"white-space:nowrap\">52<a name=\"institution-type-moh-52\"> </a></td><td>מרפאה כלל בקהילה</td><td>מרפאה כלל בקהילה הוא הערך המתאים למרפאות לבריאות כללית בקהילה ובעקרן מרפאות קופות החולים.</td></tr><tr><td style=\"white-space:nowrap\">53<a name=\"institution-type-moh-53\"> </a></td><td>מרפאות כירורגיות</td><td>מרפאות כירורגיות הוא הערך המתאים למרפאות כירורגיות בקהילה המקבלות רישוי ממשרד הבריאות ומפורסמות במאגר המוסדות.</td></tr><tr><td style=\"white-space:nowrap\">54<a name=\"institution-type-moh-54\"> </a></td><td>מרפאות פסיכיאטרי</td><td/></tr><tr><td style=\"white-space:nowrap\">55<a name=\"institution-type-moh-55\"> </a></td><td>מרפאות שיניים</td><td>מרפאות שיניים הוא הערך המתאים למרפאות שיניים בקהילה המקבלות רישוי ממשרד הבריאות ומפורסמות במאגר המוסדות.</td></tr><tr><td style=\"white-space:nowrap\">56<a name=\"institution-type-moh-56\"> </a></td><td>בתי מרקחת</td><td/></tr><tr><td style=\"white-space:nowrap\">57<a name=\"institution-type-moh-57\"> </a></td><td>ת. לרפואת ספורט</td><td>ת. לרפואת ספורט הוא הערך המתאים לתחנות לרפואת ספורט בקהילה המקבלות רישוי ממשרד הבריאות ומפורסמות במאגר המוסדות.</td></tr><tr><td style=\"white-space:nowrap\">58<a name=\"institution-type-moh-58\"> </a></td><td>מרפאות אונקולוגיות בקהילה</td><td>מרפאות אונקולוגיות בקהילה הוא הערך המתאים למרפאות אונקולוגיות בקהילה המקבלות רישוי ממשרד הבריאות ומפורסמות במאגר המוסדות.</td></tr><tr><td style=\"white-space:nowrap\">61<a name=\"institution-type-moh-61\"> </a></td><td>בתי ספר לרפואה</td><td>בתי ספר לרפואה הוא הערך המתאים למוסדות לימודי מקצועות הרפואה</td></tr><tr><td style=\"white-space:nowrap\">62<a name=\"institution-type-moh-62\"> </a></td><td>בתי&quot;ס ר. שיניים</td><td>בתי&quot;ס ר. שיניים  הוא הערך המתאים למוסדות לימודי מקצועות רפואת השיניים</td></tr><tr><td style=\"white-space:nowrap\">64<a name=\"institution-type-moh-64\"> </a></td><td>בתי ספר לסיעוד</td><td>בתי ספר לסיעוד  הוא הערך המתאים למוסדות לימודי מקצועות הסיעוד</td></tr><tr><td style=\"white-space:nowrap\">63<a name=\"institution-type-moh-63\"> </a></td><td>בתי ספר לרוקחות</td><td/></tr><tr><td style=\"white-space:nowrap\">65<a name=\"institution-type-moh-65\"> </a></td><td>בתי&quot;ס לפרא-רפואי</td><td/></tr><tr><td style=\"white-space:nowrap\">66<a name=\"institution-type-moh-66\"> </a></td><td>בית ספר לרנטגן</td><td/></tr><tr><td style=\"white-space:nowrap\">67<a name=\"institution-type-moh-67\"> </a></td><td>בי&quot;ס לפיזיוטרפיה</td><td/></tr><tr><td style=\"white-space:nowrap\">68<a name=\"institution-type-moh-68\"> </a></td><td>בי&quot;ס שכולל סיעוד</td><td/></tr><tr><td style=\"white-space:nowrap\">71<a name=\"institution-type-moh-71\"> </a></td><td>משרד הבריאות</td><td>משרד הבריאות הוא הערך שייצג את משרד הבריאות כנותן שירותי בריאות כמו מוסד או חברה</td></tr><tr><td style=\"white-space:nowrap\">72<a name=\"institution-type-moh-72\"> </a></td><td>לשכות בריאות</td><td>לשכות בריאות הוא הערך שייצג את הלשכות המחוזיות של משרד הבריאות כנותנות שירותי בריאות כמו מוסד או חברה</td></tr><tr><td style=\"white-space:nowrap\">73<a name=\"institution-type-moh-73\"> </a></td><td>קופות חולים</td><td>קופות חולים הוא הערך שייצג את 4 קופות החולים כנותנות שירותי בריאות כמו מוסד או חברה</td></tr><tr><td style=\"white-space:nowrap\">74<a name=\"institution-type-moh-74\"> </a></td><td>משטרה</td><td>משטרה הוא הערך שייצג את המשטרה שמפנה לקבלת שירותי בריאות כמו מוסד או חברה</td></tr><tr><td style=\"white-space:nowrap\">75<a name=\"institution-type-moh-75\"> </a></td><td>צ.ה.ל</td><td>צ.ה.ל הוא הערך שייצג את צה&quot;ל כקופת חולים חמישית וכנותנות שירותי בריאות כמו מוסד או חברה או כמפנה לקבלת שירות ע&quot;י גורם אחר</td></tr><tr><td style=\"white-space:nowrap\">76<a name=\"institution-type-moh-76\"> </a></td><td>משרדי ממשלה</td><td>משרדי ממשלה הוא הערך שייצג את משרדי הממשלה כנותן שירותי בריאות או מפנה לקבלת שירותים שכאלה ע&quot;י גורם אחר</td></tr><tr><td style=\"white-space:nowrap\">77<a name=\"institution-type-moh-77\"> </a></td><td>בית ספר</td><td>בית ספר הוא הערך המתאים למוסדות משרד החינוך המקבלות רישוי מטעמו</td></tr><tr><td style=\"white-space:nowrap\">78<a name=\"institution-type-moh-78\"> </a></td><td>גן ילדים</td><td>גן ילדים הוא הערך המתאים למוסדות משרד החינוך המקבלות רישוי מטעמו</td></tr><tr><td style=\"white-space:nowrap\">79<a name=\"institution-type-moh-79\"> </a></td><td>מעון יום</td><td>מעון יום הוא הערך המתאים למעונות יום לגיל הרך המקבלות רישוי ממשרד הרווחה</td></tr><tr><td style=\"white-space:nowrap\">80<a name=\"institution-type-moh-80\"> </a></td><td>מוסד חינוך אחר</td><td/></tr><tr><td style=\"white-space:nowrap\">84<a name=\"institution-type-moh-84\"> </a></td><td>רווחה – אוטיסטים</td><td/></tr><tr><td style=\"white-space:nowrap\">82<a name=\"institution-type-moh-82\"> </a></td><td>מוסד ללא רישוי</td><td>מוסד ללא רישוי הוא נערך המתאים למוסדות ללא רישוי מיוחד ידוע</td></tr><tr><td style=\"white-space:nowrap\">83<a name=\"institution-type-moh-83\"> </a></td><td>רווחה – מנהל מוגבלויות</td><td>רווחה – מנהל מוגבלויות הוא הערך המתאים למעונות לבעלי מוגבלויות המקבלות רישוי ממשרד הרווחה</td></tr><tr><td style=\"white-space:nowrap\">85<a name=\"institution-type-moh-85\"> </a></td><td>רווחה – השירות לעיוור</td><td/></tr><tr><td style=\"white-space:nowrap\">87<a name=\"institution-type-moh-87\"> </a></td><td>מנהל תקון</td><td/></tr><tr><td style=\"white-space:nowrap\">88<a name=\"institution-type-moh-88\"> </a></td><td>מנהל שירותים חברתיים ואישיים</td><td/></tr><tr><td style=\"white-space:nowrap\">86<a name=\"institution-type-moh-86\"> </a></td><td>מרכז יום לקשיש</td><td>מרכז יום לקשיש הוא הערך המתאים למרכזי יום לקשישים המקבלים רישוי ממשרד הרווחה</td></tr><tr><td style=\"white-space:nowrap\">90<a name=\"institution-type-moh-90\"> </a></td><td>רשת</td><td>רשת הוא הערך המתאים לרשות מקומית, מועצה מקומית, מועצה אזורית, עירייה וכו'</td></tr><tr><td style=\"white-space:nowrap\">91<a name=\"institution-type-moh-91\"> </a></td><td>חברות מכשור רפוא</td><td>חברות מכשור רפוא הוא הערך המתאים לחברות למכשור רפואי המקבלות רישוי ממשרד הבריאות</td></tr><tr><td style=\"white-space:nowrap\">92<a name=\"institution-type-moh-92\"> </a></td><td>ספק ציוד רפואי</td><td/></tr><tr><td style=\"white-space:nowrap\">98<a name=\"institution-type-moh-98\"> </a></td><td>אחר</td><td>אחר</td></tr><tr><td style=\"white-space:nowrap\">281<a name=\"institution-type-moh-281\"> </a></td><td>משרד שיכון - בית גיל הזהב</td><td>משרד שיכון - בית גיל הזהב הוא הערך המתאים לבתי אבות של משרד השיכון</td></tr><tr><td style=\"white-space:nowrap\">282<a name=\"institution-type-moh-282\"> </a></td><td>מקבץ דיור</td><td>מקבץ דיור הוא הערך המתאים להגדרות כבאות והצלה</td></tr><tr><td style=\"white-space:nowrap\">731<a name=\"institution-type-moh-731\"> </a></td><td>תת-יחידה של קופת חולים</td><td>תת-יחידה של קופת חולים הוא הערך המתאים ליחידות מאוגדות בקופות החולים עפ&quot;י ההגדרות הקופה</td></tr><tr><td style=\"white-space:nowrap\">779<a name=\"institution-type-moh-779\"> </a></td><td>ישיבה</td><td>ישיבה הוא הערך המתאים לישיבה עפ&quot;י הגדרות משרד החינוך או ועד הישיבות</td></tr><tr><td style=\"white-space:nowrap\">821<a name=\"institution-type-moh-821\"> </a></td><td>מלון מבודדים</td><td>מלון מבודדים הוא הערך המתאים למלו מבודדי קורונה עפ&quot;י הגדרות משרד הבריאות או פקע&quot;ר</td></tr><tr><td style=\"white-space:nowrap\">822<a name=\"institution-type-moh-822\"> </a></td><td>דרייב אין לבדיקות קורונה</td><td/></tr></table></div>"},"extension":[{"url":"http://hl7.org/fhir/StructureDefinition/codesystem-effectiveDate","valueDate":"2023-01"}],"url":"http://fhir.health.gov.il/cs/institution-type-moh","version":"0.15.0","name":"InstitutionTypeMoH","title":"סוג מוסד לפי רישוי משרד הבריאות","status":"draft","experimental":false,"date":"2023-12-21T10:19:00+01:00","publisher":"Israel Core Team","contact":[{"name":"Israel Core Team","telecom":[{"system":"email","value":"ido.levin@moh.gov.il"}]},{"name":"Kippi Bordowitz","telecom":[{"system":"email","value":"ido.levin@moh.gov.il"}]}],"description":"סוג מוסד לפי רישוי משרד הבריאות - הרוב המכריע נמצא בפרסום המאגר של רישוי מוסדות של משרד הבריאות","caseSensitive":false,"content":"complete","count":75,"concept":[{"code":"99","display":"לא ידוע","definition":"ערך ברירת מחדל במקרה שערך סוג מוסד הבריאות לא קיים מאחר הגיע ריק"},{"code":"1","display":"אשפוז כללי","definition":"אשפוז כללי הוא הערך המתאים לבתי חולים כלליים המקבלים רישוי ממשרד הבריאות ומפורסמים במאגר המוסדות.  מוסדות אלה מקבלים תקן מיטות ועמדות טיפול לפי הסוגים השונים. בתי החולים יכולים להיות בבעלות ממשלתית, ציבורית, קופות החולים, הדסה או פרטית."},{"code":"2","display":"בתי יולדות","definition":"בתי יולדות הוא הערך המתאים לבתי חולים ליולדות המקבלים רישוי ממשרד הבריאות ומפורסמים במאגר המוסדות.  מוסדות אלה מקבלים תקן מיטות שפוז וחדרי לידה לפי הסוגים השונים."},{"code":"3","display":"בית חולים לילדים","definition":"בית חולים לילדים הוא הערך המתאים לבתי חולים כלליים לילדים המקבלים רישוי ממשרד הבריאות ומפורסמים במאגר המוסדות.  מוסדות אלה מקבלים תקן מיטות ועמדות טיפול לפי הסוגים השונים"},{"code":"11","display":"בריאות הנפש","definition":"בריאות הנפש הוא הערך המתאים לבתי חולים פסיכיאטריים המקבלים רישוי ממשרד הבריאות וכמו כן תקן מיטות ועמדות טיפול לפי הסוגים השונים. בתי החולים יכולים להיות בבעלות ממשלתית, ציבורית, קופות החולים או פרטית."},{"code":"12","display":"מעונות נפש","definition":"מעונות נפש הוא הערך המתאים למעונות לשיקום פסיכיאטרי המקבלים רישוי ממשרד הבריאות"},{"code":"15","display":"גמילה סמים-רפואי","definition":"גמילה סמים-רפואי הוא הערך המתאים למוסדות בריאות הנפש לטיפול במשתמשים בסמים אשפוזי רפואי, המקבלים רישוי ממשרד הבריאות  ומפורסמים במאגר המוסדות."},{"code":"16","display":"גמילת סמים-משולב","definition":"גמילה סמים-משולב הוא הערך המתאים למוסדות בריאות הנפש לטיפול במשתמשים בסמים אשפוזי משולב, המקבלים רישוי ממשרד הבריאות ומפורסמים במאגר המוסדות."},{"code":"17","display":"גמילת סמים בבי\"ח"},{"code":"21","display":"מחלות ממושכות","definition":"מחלות ממושכות הוא הערך המתאים למוסדות אשפוז גריאטרי ארוך במקרה של מחלות ממושכות המקבלים רישוי ממשרד הבריאות ומפורסמים במאגר המוסדות."},{"code":"22","display":"מרכזים גריאטרים","definition":"מרכזים גריאטרים הוא הערך המתאים לבתי חולים גריאטריים המקבלים רישוי ממשרד הבריאות ומפורסמים במאגר המוסדות.  מוסדות אלה מקבלים תקן מיטות ועמדות טיפול לפי הסוגים השונים"},{"code":"23","display":"מוסדות גריאטרים","definition":"מוסדות גריאטרים הוא הערך המתאים למוסדות גריאטרים (כמו בתי אבות)  המקבלים רישוי ממשרד הבריאות"},{"code":"24","display":"מח' סיעוד בקיבוץ","definition":"מח' סיעוד בקיבוץ הוא הערך המתאים למוסדות גריאטרים (בתי אבות בקיבוצים)  המקבלים רישוי ממשרד הבריאות ומפורסמים במאגר המוסדות."},{"code":"25","display":"שיקום","definition":"בית חולים שיקומי הוא הערך המתאים לבתי חולים שיקומיים המקבלים רישוי ממשרד הבריאות ומפורסמים במאגר המוסדות. מוסדות אלה מקבלים תקן מיטות ועמדות טיפול לפי הסוגים השונים."},{"code":"26","display":"רווחה – בתי אבות (תשושים)","definition":"רווחה – בתי אבות (תשושים) הוא הערך המתאים לבתי אבות בהם שוהים תשושים. מוסדות אלה מקבלים רישוי ממשרד הרווחה ולא מממשרד הבריאות."},{"code":"27","display":"רווחה – דיור מוגן (עצמאים)","definition":"רווחה – דיור מוגן (עצמאים) הוא הערך המתאים לדיור מוגן (בתי אבות) בהם שוהים עצמאים. מוסדות אלה מקבלים רישוי ממשרד הרווחה ולא מממשרד הבריאות."},{"code":"28","display":"גריאטרי אחר","definition":"גריאטרי אחר הוא הערך המתאים לבתי אבות בהם שוהים מבוגרים שלא מוגדרים כתשושים אך אינם עמצאיים. מוסדות אלה מקבלים רישוי ממשרד הרווחה ולא מממשרד הבריאות."},{"code":"29","display":"הנסן","definition":"הנסן"},{"code":"31","display":"ב. הנפש בקהילה","definition":"ב. הנפש בקהילה הוא הערך המתאים למרפאות בריאות הנפש בקהילה (של קופות החולים)"},{"code":"32","display":"גריאטריה בקהילה","definition":"גריאטריה בקהילה הוא הערך המתאים למרפאות גריאטריים בקהילה (של קופות החולים)"},{"code":"33","display":"דיאליזה בקהילה","definition":"דיאליזה בקהילה הוא הערך המתאים למרפאות דיאליזה בקהילה (של קופות החולים)"},{"code":"34","display":"התפתחות הילד","definition":"התפתחות הילד הוא הערך המתאים למרפאות להתפתחות הילד בקהילה (של קופות החולים)"},{"code":"35","display":"בדיקת סרטן השד","definition":"בדיקת סרטן השד הוא הערך המתאים למרפאות לבדיקת סרטן השד בקהילה (של קופות החולים)"},{"code":"36","display":"קבלני שירותי רפואה"},{"code":"39","display":"מ. טיפול בשחפת"},{"code":"37","display":"גמילה סמ-רפו-אמב","definition":"גמילה סמ-רפו-אמב הוא הערך המתאים למוסדות בריאות הנפש לטיפול אמבולטורי רפואי במשתמשים בסמים , המקבלים רישוי ממשרד הבריאות ומפורסמים במאגר המוסדות."},{"code":"38","display":"גמילה סמ-משו-אמב","definition":"גמילה סמ-משו-אמב הוא הערך המתאים למוסדות בריאות הנפש לטיפול משולב אמבולטורי רפואי במשתמשים בסמים , המקבלים רישוי ממשרד הבריאות ומפורסמים במאגר המוסדות."},{"code":"40","display":"גמילה סמים ביח א"},{"code":"41","display":"מעבדות/מכונים","definition":"מעבדות/מכונים הוא הערך המתאים למעבדות ומכונים המקבלים רישוי ממשרד הבריאות."},{"code":"42","display":"מכון צילום שינים","definition":"מכון צילום שינים הוא הערך המתאים למכונים לצילום שיניים המקבלים רישוי ממשרד הבריאות."},{"code":"43","display":"מכון לרפואת שינה","definition":"מכון לרפואת שינה הוא הערך המתאים למכונים לרפואת שינה המקבלים רישוי ממשרד הבריאות."},{"code":"44","display":"מכון גסטרו"},{"code":"51","display":"תחנה ב. המשפחה","definition":"תחנה ב. המשפחה הוא הערך המתאים למרפאות לבריאות המשפחה המשמשות כטיפת חלב ומעקב הריון המקבלים רישוי ממשרד הבריאות. מרפאות אלה יכולות להיות בבעלות משרד הבריאות, קופות החולים ורשויות מקומיות."},{"code":"52","display":"מרפאה כלל בקהילה","definition":"מרפאה כלל בקהילה הוא הערך המתאים למרפאות לבריאות כללית בקהילה ובעקרן מרפאות קופות החולים."},{"code":"53","display":"מרפאות כירורגיות","definition":"מרפאות כירורגיות הוא הערך המתאים למרפאות כירורגיות בקהילה המקבלות רישוי ממשרד הבריאות ומפורסמות במאגר המוסדות."},{"code":"54","display":"מרפאות פסיכיאטרי"},{"code":"55","display":"מרפאות שיניים","definition":"מרפאות שיניים הוא הערך המתאים למרפאות שיניים בקהילה המקבלות רישוי ממשרד הבריאות ומפורסמות במאגר המוסדות."},{"code":"56","display":"בתי מרקחת"},{"code":"57","display":"ת. לרפואת ספורט","definition":"ת. לרפואת ספורט הוא הערך המתאים לתחנות לרפואת ספורט בקהילה המקבלות רישוי ממשרד הבריאות ומפורסמות במאגר המוסדות."},{"code":"58","display":"מרפאות אונקולוגיות בקהילה","definition":"מרפאות אונקולוגיות בקהילה הוא הערך המתאים למרפאות אונקולוגיות בקהילה המקבלות רישוי ממשרד הבריאות ומפורסמות במאגר המוסדות."},{"code":"61","display":"בתי ספר לרפואה","definition":"בתי ספר לרפואה הוא הערך המתאים למוסדות לימודי מקצועות הרפואה"},{"code":"62","display":"בתי\"ס ר. שיניים","definition":"בתי\"ס ר. שיניים  הוא הערך המתאים למוסדות לימודי מקצועות רפואת השיניים"},{"code":"64","display":"בתי ספר לסיעוד","definition":"בתי ספר לסיעוד  הוא הערך המתאים למוסדות לימודי מקצועות הסיעוד"},{"code":"63","display":"בתי ספר לרוקחות"},{"code":"65","display":"בתי\"ס לפרא-רפואי"},{"code":"66","display":"בית ספר לרנטגן"},{"code":"67","display":"בי\"ס לפיזיוטרפיה"},{"code":"68","display":"בי\"ס שכולל סיעוד"},{"code":"71","display":"משרד הבריאות","definition":"משרד הבריאות הוא הערך שייצג את משרד הבריאות כנותן שירותי בריאות כמו מוסד או חברה"},{"code":"72","display":"לשכות בריאות","definition":"לשכות בריאות הוא הערך שייצג את הלשכות המחוזיות של משרד הבריאות כנותנות שירותי בריאות כמו מוסד או חברה"},{"code":"73","display":"קופות חולים","definition":"קופות חולים הוא הערך שייצג את 4 קופות החולים כנותנות שירותי בריאות כמו מוסד או חברה"},{"code":"74","display":"משטרה","definition":"משטרה הוא הערך שייצג את המשטרה שמפנה לקבלת שירותי בריאות כמו מוסד או חברה"},{"code":"75","display":"צ.ה.ל","definition":"צ.ה.ל הוא הערך שייצג את צה\"ל כקופת חולים חמישית וכנותנות שירותי בריאות כמו מוסד או חברה או כמפנה לקבלת שירות ע\"י גורם אחר"},{"code":"76","display":"משרדי ממשלה","definition":"משרדי ממשלה הוא הערך שייצג את משרדי הממשלה כנותן שירותי בריאות או מפנה לקבלת שירותים שכאלה ע\"י גורם אחר"},{"code":"77","display":"בית ספר","definition":"בית ספר הוא הערך המתאים למוסדות משרד החינוך המקבלות רישוי מטעמו"},{"code":"78","display":"גן ילדים","definition":"גן ילדים הוא הערך המתאים למוסדות משרד החינוך המקבלות רישוי מטעמו"},{"code":"79","display":"מעון יום","definition":"מעון יום הוא הערך המתאים למעונות יום לגיל הרך המקבלות רישוי ממשרד הרווחה"},{"code":"80","display":"מוסד חינוך אחר"},{"code":"84","display":"רווחה – אוטיסטים"},{"code":"82","display":"מוסד ללא רישוי","definition":"מוסד ללא רישוי הוא נערך המתאים למוסדות ללא רישוי מיוחד ידוע"},{"code":"83","display":"רווחה – מנהל מוגבלויות","definition":"רווחה – מנהל מוגבלויות הוא הערך המתאים למעונות לבעלי מוגבלויות המקבלות רישוי ממשרד הרווחה"},{"code":"85","display":"רווחה – השירות לעיוור"},{"code":"87","display":"מנהל תקון"},{"code":"88","display":"מנהל שירותים חברתיים ואישיים"},{"code":"86","display":"מרכז יום לקשיש","definition":"מרכז יום לקשיש הוא הערך המתאים למרכזי יום לקשישים המקבלים רישוי ממשרד הרווחה"},{"code":"90","display":"רשת","definition":"רשת הוא הערך המתאים לרשות מקומית, מועצה מקומית, מועצה אזורית, עירייה וכו'"},{"code":"91","display":"חברות מכשור רפוא","definition":"חברות מכשור רפוא הוא הערך המתאים לחברות למכשור רפואי המקבלות רישוי ממשרד הבריאות"},{"code":"92","display":"ספק ציוד רפואי"},{"code":"98","display":"אחר","definition":"אחר"},{"code":"281","display":"משרד שיכון - בית גיל הזהב","definition":"משרד שיכון - בית גיל הזהב הוא הערך המתאים לבתי אבות של משרד השיכון"},{"code":"282","display":"מקבץ דיור","definition":"מקבץ דיור הוא הערך המתאים להגדרות כבאות והצלה"},{"code":"731","display":"תת-יחידה של קופת חולים","definition":"תת-יחידה של קופת חולים הוא הערך המתאים ליחידות מאוגדות בקופות החולים עפ\"י ההגדרות הקופה"},{"code":"779","display":"ישיבה","definition":"ישיבה הוא הערך המתאים לישיבה עפ\"י הגדרות משרד החינוך או ועד הישיבות"},{"code":"821","display":"מלון מבודדים","definition":"מלון מבודדים הוא הערך המתאים למלו מבודדי קורונה עפ\"י הגדרות משרד הבריאות או פקע\"ר"},{"code":"822","display":"דרייב אין לבדיקות קורונה"}]}