{"resourceType":"ValueSet","id":"patient-visit-reason-moh","text":{"status":"generated","div":"<div xmlns=\"http://www.w3.org/1999/xhtml\"><ul><li>Include all codes defined in <a href=\"CodeSystem-patient-visit-reason-moh.html\"><code>http://fhir.health.gov.il/cs/patient-visit-reason-moh</code></a></li></ul></div>"},"url":"http://fhir.health.gov.il/ValueSet/patient-visit-reason-moh","version":"0.15.0","name":"PatientVisitReasonMoH","title":"Patient Visit Reason MoH","status":"draft","experimental":false,"date":"2023-12-21T10:19:00+01:00","publisher":"Israel Core Team","contact":[{"name":"Israel Core Team","telecom":[{"system":"email","value":"ido.levin@moh.gov.il"}]},{"name":"Kippi Bordowitz","telecom":[{"system":"email","value":"ido.levin@moh.gov.il"}]}],"description":"Moh Codes for Patient Visit Reason","compose":{"include":[{"system":"http://fhir.health.gov.il/cs/patient-visit-reason-moh"}]}}