{"resourceType":"ValueSet","id":"il-core-observation-value","text":{"status":"generated","div":"<div xmlns=\"http://www.w3.org/1999/xhtml\"><p>This value set includes codes based on the following rules:</p><ul><li>Include all codes defined in <a href=\"http://www.snomed.org/\"><code>http://snomed.info/sct</code></a></li><li>Include all codes defined in <a href=\"http://loinc.org\"><code>http://loinc.org</code></a></li></ul></div>"},"url":"http://fhir.health.gov.il/ValueSet/il-core-observation-value","version":"0.14.0","name":"ILCoreObservationValue","title":"IL Core Observation Value Codes","status":"draft","experimental":false,"date":"2023-12-05T11:14:13+01:00","publisher":"Israel Core Team","contact":[{"name":"Israel Core Team","telecom":[{"system":"email","value":"ido.levin@moh.gov.il"}]},{"name":"Kippi Bordowitz","telecom":[{"system":"email","value":"ido.levin@moh.gov.il"}]}],"description":"A list of value codes for observations for the IL Core \n\nNote: The entire LOINC code system is included in this ValueSet although it should only include LOINC Answers - LOINC codes that start with 'LA'. Since there is no computable way to define a ValueSet according to the code's prefix, we rely on an invariant to enforce this rule.","compose":{"include":[{"system":"http://snomed.info/sct"},{"system":"http://loinc.org"}]}}