<?xml version="1.0" encoding="UTF-8"?><ValueSet xmlns="http://hl7.org/fhir"><id value="il-core-virtual-type"/><text><status value="generated"/><div xmlns="http://www.w3.org/1999/xhtml"><ul><li>Include these codes as defined in <a href="http://www.snomed.org/"><code>http://snomed.info/sct</code></a><table class="none"><tr><td style="white-space:nowrap"><b>Code</b></td><td><b>Display</b></td></tr><tr><td><a href="http://snomed.info/id/1258986006">1258986006</a></td><td>Face-to-face encounter (procedure)</td></tr><tr><td><a href="http://snomed.info/id/185317003">185317003</a></td><td>Telephone encounter (procedure)</td></tr><tr><td><a href="http://snomed.info/id/308720009">308720009</a></td><td>Letter encounter (procedure)</td></tr><tr><td><a href="http://snomed.info/id/453131000124105">453131000124105</a></td><td>Videotelephony encounter (procedure)</td></tr><tr><td><a href="http://snomed.info/id/445450000">445450000</a></td><td>Encounter by short message service text messaging (procedure)</td></tr><tr><td><a href="http://snomed.info/id/1197766005">1197766005</a></td><td>Encounter by electronic text-based asynchronous communication (procedure)</td></tr><tr><td><a href="http://snomed.info/id/1479971000168100">1479971000168100</a></td><td>Email encounter (procedure)</td></tr><tr><td><a href="http://snomed.info/id/185320006">185320006</a></td><td>Encounter by computer link (procedure)</td></tr></table></li></ul></div></text><url value="http://fhir.health.gov.il/ValueSet/il-core-virtual-type"/><version value="0.13.1"/><name value="ILCoreVirtualType"/><title value="IL Core Virtual encounter Type Codes"/><status value="draft"/><experimental value="false"/><date value="2023-12-04T20:03:33+01:00"/><publisher value="Israel Core Team"/><contact><name value="Israel Core Team"/><telecom><system value="email"/><value value="ido.levin@moh.gov.il"/></telecom></contact><contact><name value="Kippi Bordowitz"/><telecom><system value="email"/><value value="ido.levin@moh.gov.il"/></telecom></contact><description value="A list of type codes for Virtual Encounters for the IL Core"/><compose><include><system value="http://snomed.info/sct"/><concept><code value="1258986006"/><display value="Face-to-face encounter (procedure)"/></concept><concept><code value="185317003"/><display value="Telephone encounter (procedure)"/></concept><concept><code value="308720009"/><display value="Letter encounter (procedure)"/></concept><concept><code value="453131000124105"/><display value="Videotelephony encounter (procedure)"/></concept><concept><code value="445450000"/><display value="Encounter by short message service text messaging (procedure)"/></concept><concept><code value="1197766005"/><display value="Encounter by electronic text-based asynchronous communication (procedure)"/></concept><concept><code value="1479971000168100"/><display value="Email encounter (procedure)"/></concept><concept><code value="185320006"/><display value="Encounter by computer link (procedure)"/></concept></include></compose></ValueSet>