<?xml version="1.0" encoding="UTF-8"?><ValueSet xmlns="http://hl7.org/fhir"><id value="practitioner-certificate-type"/><text><status value="generated"/><div xmlns="http://www.w3.org/1999/xhtml"><p>This value set includes codes based on the following rules:</p><ul><li>Include these codes as defined in <a href="CodeSystem-practitioner-certificate-type-molsa.html"><code>http://fhir.health.gov.il/cs/practitioner-certificate-type-molsa</code></a><table class="none"><tr><td style="white-space:nowrap"><b>Code</b></td><td><b>Display</b></td></tr><tr><td><a href="CodeSystem-practitioner-certificate-type-molsa.html#practitioner-certificate-type-molsa-SW">SW</a></td><td>רשיון עבודה סוציאלית</td></tr></table></li><li>Include these codes as defined in <a href="CodeSystem-practitioner-certificate-type-moh.html"><code>http://fhir.health.gov.il/cs/practitioner-certificate-type-moh</code></a><table class="none"><tr><td style="white-space:nowrap"><b>Code</b></td><td><b>Display</b></td></tr><tr><td><a href="CodeSystem-practitioner-certificate-type-moh.html#practitioner-certificate-type-moh-1">1</a></td><td>רשיון זמני</td></tr><tr><td><a href="CodeSystem-practitioner-certificate-type-moh.html#practitioner-certificate-type-moh-2">2</a></td><td>רשיון קבוע</td></tr><tr><td><a href="CodeSystem-practitioner-certificate-type-moh.html#practitioner-certificate-type-moh-3">3</a></td><td>תעודת הכרה זמנית</td></tr><tr><td><a href="CodeSystem-practitioner-certificate-type-moh.html#practitioner-certificate-type-moh-4">4</a></td><td>תעודת הכרה</td></tr><tr><td><a href="CodeSystem-practitioner-certificate-type-moh.html#practitioner-certificate-type-moh-5">5</a></td><td>תעודת מומחה</td></tr><tr><td><a href="CodeSystem-practitioner-certificate-type-moh.html#practitioner-certificate-type-moh-6">6</a></td><td>היתר מוגבל למומחה</td></tr><tr><td><a href="CodeSystem-practitioner-certificate-type-moh.html#practitioner-certificate-type-moh-7">7</a></td><td>סטז'</td></tr><tr><td><a href="CodeSystem-practitioner-certificate-type-moh.html#practitioner-certificate-type-moh-9">9</a></td><td>היתר לניהול מעבדה רפואית</td></tr><tr><td><a href="CodeSystem-practitioner-certificate-type-moh.html#practitioner-certificate-type-moh-10">10</a></td><td>היתר מוגבל למשתלם</td></tr><tr><td><a href="CodeSystem-practitioner-certificate-type-moh.html#practitioner-certificate-type-moh-11">11</a></td><td>הרשאה מוגבלת למומחה</td></tr><tr><td><a href="CodeSystem-practitioner-certificate-type-moh.html#practitioner-certificate-type-moh-13">13</a></td><td>תעודת מדריך</td></tr><tr><td><a href="CodeSystem-practitioner-certificate-type-moh.html#practitioner-certificate-type-moh-19">19</a></td><td>היתר לתושבים זרים</td></tr><tr><td><a href="CodeSystem-practitioner-certificate-type-moh.html#practitioner-certificate-type-moh-22">22</a></td><td>היתר מוגבל למומחה באופטלמולוגיה</td></tr><tr><td><a href="CodeSystem-practitioner-certificate-type-moh.html#practitioner-certificate-type-moh-23">23</a></td><td>היתר מוגבל למומחה בניתוחי לב ילדים</td></tr><tr><td><a href="CodeSystem-practitioner-certificate-type-moh.html#practitioner-certificate-type-moh-25">25</a></td><td>רשיון בהיפנוזה</td></tr><tr><td><a href="CodeSystem-practitioner-certificate-type-moh.html#practitioner-certificate-type-moh-26">26</a></td><td>תעודת רישום</td></tr><tr><td><a href="CodeSystem-practitioner-certificate-type-moh.html#practitioner-certificate-type-moh-28">28</a></td><td>תעודת יושר</td></tr><tr><td><a href="CodeSystem-practitioner-certificate-type-moh.html#practitioner-certificate-type-moh-31">31</a></td><td>היתר מיוחד להעסקה</td></tr><tr><td><a href="CodeSystem-practitioner-certificate-type-moh.html#practitioner-certificate-type-moh-60">60</a></td><td>היתר לניהול מעבדה בתוך מערך המעבדות</td></tr><tr><td><a href="CodeSystem-practitioner-certificate-type-moh.html#practitioner-certificate-type-moh-101">101</a></td><td>היתר מוגבל למוסדות</td></tr><tr><td><a href="CodeSystem-practitioner-certificate-type-moh.html#practitioner-certificate-type-moh-102">102</a></td><td>היתר זמני</td></tr><tr><td><a href="CodeSystem-practitioner-certificate-type-moh.html#practitioner-certificate-type-moh-103">103</a></td><td>תעודת רישום מוגבלת למתן דם</td></tr><tr><td><a href="CodeSystem-practitioner-certificate-type-moh.html#practitioner-certificate-type-moh-109">109</a></td><td>היתר זמני מוגבל למזרח ירושלים</td></tr><tr><td><a href="CodeSystem-practitioner-certificate-type-moh.html#practitioner-certificate-type-moh-110">110</a></td><td>תעודת רישום קורס ע ב</td></tr><tr><td><a href="CodeSystem-practitioner-certificate-type-moh.html#practitioner-certificate-type-moh-114">114</a></td><td>היתר מוגבל בפיקוח</td></tr><tr><td><a href="CodeSystem-practitioner-certificate-type-moh.html#practitioner-certificate-type-moh-119">119</a></td><td>ת. רישום ע.ב מודולה מתקדמת</td></tr><tr><td><a href="CodeSystem-practitioner-certificate-type-moh.html#practitioner-certificate-type-moh-120">120</a></td><td>תעודת מקצוע</td></tr><tr><td><a href="CodeSystem-practitioner-certificate-type-moh.html#practitioner-certificate-type-moh-121">121</a></td><td>תעודת מקצוע - זמנית</td></tr><tr><td><a href="CodeSystem-practitioner-certificate-type-moh.html#practitioner-certificate-type-moh-122">122</a></td><td>אחות מומחית בטיפול תומך</td></tr><tr><td><a href="CodeSystem-practitioner-certificate-type-moh.html#practitioner-certificate-type-moh-124">124</a></td><td>היתר זמני לקורס על בסיסי</td></tr><tr><td><a href="CodeSystem-practitioner-certificate-type-moh.html#practitioner-certificate-type-moh-127">127</a></td><td>הרשאה לסטז' לבוגרי הארץ</td></tr><tr><td><a href="CodeSystem-practitioner-certificate-type-moh.html#practitioner-certificate-type-moh-128">128</a></td><td>היתר מוגבל</td></tr><tr><td><a href="CodeSystem-practitioner-certificate-type-moh.html#practitioner-certificate-type-moh-129">129</a></td><td>אישור מחנך</td></tr><tr><td><a href="CodeSystem-practitioner-certificate-type-moh.html#practitioner-certificate-type-moh-130">130</a></td><td>אישור לקנביס</td></tr><tr><td><a href="CodeSystem-practitioner-certificate-type-moh.html#practitioner-certificate-type-moh-131">131</a></td><td>תעודת הסמכה</td></tr><tr><td><a href="CodeSystem-practitioner-certificate-type-moh.html#practitioner-certificate-type-moh-132">132</a></td><td>אישור לטיפול בהרדמה</td></tr><tr><td><a href="CodeSystem-practitioner-certificate-type-moh.html#practitioner-certificate-type-moh-133">133</a></td><td>רשיון זמני לעבודה בפיקוח</td></tr><tr><td><a href="CodeSystem-practitioner-certificate-type-moh.html#practitioner-certificate-type-moh-134">134</a></td><td>היתר מוגבל- היפנוזה</td></tr><tr><td><a href="CodeSystem-practitioner-certificate-type-moh.html#practitioner-certificate-type-moh-135">135</a></td><td>אישור תיירות מרפא</td></tr><tr><td><a href="CodeSystem-practitioner-certificate-type-moh.html#practitioner-certificate-type-moh-136">136</a></td><td>אישור הדרכה קלינית למומחיות</td></tr><tr><td><a href="CodeSystem-practitioner-certificate-type-moh.html#practitioner-certificate-type-moh-138">138</a></td><td>היתר מוגבל להתנסות</td></tr><tr><td><a href="CodeSystem-practitioner-certificate-type-moh.html#practitioner-certificate-type-moh-139">139</a></td><td>אישור סדציה לילדים</td></tr><tr><td><a href="CodeSystem-practitioner-certificate-type-moh.html#practitioner-certificate-type-moh-140">140</a></td><td>אישור סדציה למבוגרים</td></tr><tr><td><a href="CodeSystem-practitioner-certificate-type-moh.html#practitioner-certificate-type-moh-141">141</a></td><td>היתר זמני לפסיכולוגיה</td></tr><tr><td><a href="CodeSystem-practitioner-certificate-type-moh.html#practitioner-certificate-type-moh-142">142</a></td><td>היתר זמני - קורונה</td></tr><tr><td><a href="CodeSystem-practitioner-certificate-type-moh.html#practitioner-certificate-type-moh-143">143</a></td><td>תעודת הסמכה - אקמו</td></tr></table></li></ul></div></text><url value="http://fhir.health.gov.il/ValueSet/practitioner-certificate-type"/><version value="0.13.1"/><name value="PractitionerCertificateType"/><title value="Practitioner Certificate Types"/><status value="draft"/><experimental value="false"/><date value="2023-12-04T20:03:33+01:00"/><publisher value="Israel Core Team"/><contact><name value="Israel Core Team"/><telecom><system value="email"/><value value="ido.levin@moh.gov.il"/></telecom></contact><contact><name value="Kippi Bordowitz"/><telecom><system value="email"/><value value="ido.levin@moh.gov.il"/></telecom></contact><description value="A list of codes for certificate types for all medical practitioners"/><compose><include><system value="http://fhir.health.gov.il/cs/practitioner-certificate-type-molsa"/><concept><code value="SW"/><display value="רשיון עבודה סוציאלית"/></concept></include><include><system value="http://fhir.health.gov.il/cs/practitioner-certificate-type-moh"/><concept><code value="1"/><display value="רשיון זמני"/></concept><concept><code value="2"/><display value="רשיון קבוע"/></concept><concept><code value="3"/><display value="תעודת הכרה זמנית"/></concept><concept><code value="4"/><display value="תעודת הכרה"/></concept><concept><code value="5"/><display value="תעודת מומחה"/></concept><concept><code value="6"/><display value="היתר מוגבל למומחה"/></concept><concept><code value="7"/><display value="סטז'"/></concept><concept><code value="9"/><display value="היתר לניהול מעבדה רפואית"/></concept><concept><code value="10"/><display value="היתר מוגבל למשתלם"/></concept><concept><code value="11"/><display value="הרשאה מוגבלת למומחה"/></concept><concept><code value="13"/><display value="תעודת מדריך"/></concept><concept><code value="19"/><display value="היתר לתושבים זרים"/></concept><concept><code value="22"/><display value="היתר מוגבל למומחה באופטלמולוגיה"/></concept><concept><code value="23"/><display value="היתר מוגבל למומחה בניתוחי לב ילדים"/></concept><concept><code value="25"/><display value="רשיון בהיפנוזה"/></concept><concept><code value="26"/><display value="תעודת רישום"/></concept><concept><code value="28"/><display value="תעודת יושר"/></concept><concept><code value="31"/><display value="היתר מיוחד להעסקה"/></concept><concept><code value="60"/><display value="היתר לניהול מעבדה בתוך מערך המעבדות"/></concept><concept><code value="101"/><display value="היתר מוגבל למוסדות"/></concept><concept><code value="102"/><display value="היתר זמני"/></concept><concept><code value="103"/><display value="תעודת רישום מוגבלת למתן דם"/></concept><concept><code value="109"/><display value="היתר זמני מוגבל למזרח ירושלים"/></concept><concept><code value="110"/><display value="תעודת רישום קורס ע ב"/></concept><concept><code value="114"/><display value="היתר מוגבל בפיקוח"/></concept><concept><code value="119"/><display value="ת. רישום ע.ב מודולה מתקדמת"/></concept><concept><code value="120"/><display value="תעודת מקצוע"/></concept><concept><code value="121"/><display value="תעודת מקצוע - זמנית"/></concept><concept><code value="122"/><display value="אחות מומחית בטיפול תומך"/></concept><concept><code value="124"/><display value="היתר זמני לקורס על בסיסי"/></concept><concept><code value="127"/><display value="הרשאה לסטז' לבוגרי הארץ"/></concept><concept><code value="128"/><display value="היתר מוגבל"/></concept><concept><code value="129"/><display value="אישור מחנך"/></concept><concept><code value="130"/><display value="אישור לקנביס"/></concept><concept><code value="131"/><display value="תעודת הסמכה"/></concept><concept><code value="132"/><display value="אישור לטיפול בהרדמה"/></concept><concept><code value="133"/><display value="רשיון זמני לעבודה בפיקוח"/></concept><concept><code value="134"/><display value="היתר מוגבל- היפנוזה"/></concept><concept><code value="135"/><display value="אישור תיירות מרפא"/></concept><concept><code value="136"/><display value="אישור הדרכה קלינית למומחיות"/></concept><concept><code value="138"/><display value="היתר מוגבל להתנסות"/></concept><concept><code value="139"/><display value="אישור סדציה לילדים"/></concept><concept><code value="140"/><display value="אישור סדציה למבוגרים"/></concept><concept><code value="141"/><display value="היתר זמני לפסיכולוגיה"/></concept><concept><code value="142"/><display value="היתר זמני - קורונה"/></concept><concept><code value="143"/><display value="תעודת הסמכה - אקמו"/></concept></include></compose></ValueSet>