<?xml version="1.0" encoding="UTF-8"?><ValueSet xmlns="http://hl7.org/fhir"><id value="il-core-condition-code"/><text><status value="generated"/><div xmlns="http://www.w3.org/1999/xhtml"><p>This value set includes codes based on the following rules:</p><ul><li>Include codes from <a href="http://www.snomed.org/"><code>http://snomed.info/sct</code></a> where concept  descends from  404684003 (Clinical finding (finding))</li><li>Include codes from <a href="http://www.snomed.org/"><code>http://snomed.info/sct</code></a> where concept  descends from  243796009 (Context-dependent categories)</li><li>Include codes from <a href="http://www.snomed.org/"><code>http://snomed.info/sct</code></a> where concept  descends from  272379006 (Events)</li><li>Include codes from <a href="http://www.snomed.org/"><code>http://snomed.info/sct</code></a> where concept  descends from  312850006 (H/O: Disorder)</li><li>Include codes from <a href="http://www.snomed.org/"><code>http://snomed.info/sct</code></a> where concept  descends from  49755003 (Abnormal tissue appearance)</li><li>Include all codes defined in <a href="http://terminology.hl7.org/5.3.0/CodeSystem-icd10.html"><code>http://hl7.org/fhir/sid/icd-10</code></a></li><li>Include all codes defined in <a href="http://terminology.hl7.org/5.3.0/CodeSystem-icd10CM.html"><code>http://hl7.org/fhir/sid/icd-10-cm</code></a></li><li>Import all the codes that are contained in <a href="ValueSet-icd9-cm-diagnoses.html">Icd9 Cm diagnoses</a></li><li>Import all the codes that are contained in <a href="ValueSet-icd9il-diagnoses.html">ICD9 IL Diagnoses</a></li><li>Include all codes defined in <a href="http://terminology.hl7.org/5.3.0/CodeSystem-icd-o-3.html"><code>http://terminology.hl7.org/CodeSystem/icd-o-3</code></a></li><li>Include these codes as defined in <a href="http://www.snomed.org/"><code>http://snomed.info/sct</code></a><table class="none"><tr><td style="white-space:nowrap"><b>Code</b></td><td><b>Display</b></td></tr><tr><td><a href="http://snomed.info/id/160245001">160245001</a></td><td>No current problems or disability</td></tr></table></li></ul></div></text><url value="http://fhir.health.gov.il/ValueSet/il-core-condition-code"/><version value="0.13.1"/><name value="ILCoreConditionCode"/><title value="IL Core Condition Code"/><status value="draft"/><experimental value="false"/><date value="2023-12-04T20:03:33+01:00"/><publisher value="Israel Core Team"/><contact><name value="Israel Core Team"/><telecom><system value="email"/><value value="ido.levin@moh.gov.il"/></telecom></contact><contact><name value="Kippi Bordowitz"/><telecom><system value="email"/><value value="ido.levin@moh.gov.il"/></telecom></contact><description value="A list of codes for conditions for the IL Core"/><compose><include><system value="http://snomed.info/sct"/><filter><property value="concept"/><op value="descendent-of"/><value value="404684003"/></filter></include><include><system value="http://snomed.info/sct"/><filter><property value="concept"/><op value="descendent-of"/><value value="243796009"/></filter></include><include><system value="http://snomed.info/sct"/><filter><property value="concept"/><op value="descendent-of"/><value value="272379006"/></filter></include><include><system value="http://snomed.info/sct"/><filter><property value="concept"/><op value="descendent-of"/><value value="312850006"/></filter></include><include><system value="http://snomed.info/sct"/><filter><property value="concept"/><op value="descendent-of"/><value value="49755003"/></filter></include><include><system value="http://hl7.org/fhir/sid/icd-10"/></include><include><system value="http://hl7.org/fhir/sid/icd-10-cm"/></include><include><valueSet value="http://fhir.health.gov.il/ValueSet/icd9-cm-diagnoses"/></include><include><valueSet value="http://fhir.health.gov.il/ValueSet/icd9il-diagnoses"/></include><include><system value="http://terminology.hl7.org/CodeSystem/icd-o-3"/></include><include><system value="http://snomed.info/sct"/><concept><code value="160245001"/><display value="No current problems or disability"/></concept></include></compose></ValueSet>