<?xml version="1.0" encoding="UTF-8"?><ValueSet xmlns="http://hl7.org/fhir"><id value="il-core-observation-value"/><text><status value="generated"/><div xmlns="http://www.w3.org/1999/xhtml"><p>This value set includes codes based on the following rules:</p><ul><li>Include all codes defined in <a href="http://www.snomed.org/"><code>http://snomed.info/sct</code></a></li><li>Include all codes defined in <a href="http://loinc.org"><code>http://loinc.org</code></a></li></ul></div></text><url value="http://fhir.health.gov.il/ValueSet/il-core-observation-value"/><version value="0.13.1"/><name value="ILCoreObservationValue"/><title value="IL Core Observation Value Codes"/><status value="draft"/><experimental value="false"/><date value="2023-12-04T20:03:33+01:00"/><publisher value="Israel Core Team"/><contact><name value="Israel Core Team"/><telecom><system value="email"/><value value="ido.levin@moh.gov.il"/></telecom></contact><contact><name value="Kippi Bordowitz"/><telecom><system value="email"/><value value="ido.levin@moh.gov.il"/></telecom></contact><description value="A list of value codes for observations for the IL Core &#xA;&#xA;Note: The entire LOINC code system is included in this ValueSet although it should only include LOINC Answers - LOINC codes that start with 'LA'. Since there is no computable way to define a ValueSet according to the code's prefix, we rely on an invariant to enforce this rule."/><compose><include><system value="http://snomed.info/sct"/></include><include><system value="http://loinc.org"/></include></compose></ValueSet>