<?xml version="1.0" encoding="UTF-8"?><ValueSet xmlns="http://hl7.org/fhir"><id value="il-core-coverage-class"/><text><status value="generated"/><div xmlns="http://www.w3.org/1999/xhtml"><ul><li>Include all codes defined in <a href="CodeSystem-il-core-coverage-class.html"><code>http://fhir.health.gov.il/cs/il-core-coverage-class</code></a></li></ul></div></text><url value="http://fhir.health.gov.il/ValueSet/il-core-coverage-class"/><version value="0.13.1"/><name value="ILCoreCoverageClass"/><title value="IL Core Coverage Class codes"/><status value="draft"/><experimental value="false"/><date value="2023-12-04T20:03:33+01:00"/><publisher value="Israel Core Team"/><contact><name value="Israel Core Team"/><telecom><system value="email"/><value value="ido.levin@moh.gov.il"/></telecom></contact><contact><name value="Kippi Bordowitz"/><telecom><system value="email"/><value value="ido.levin@moh.gov.il"/></telecom></contact><description value="Codes for Coverage classes"/><compose><include><system value="http://fhir.health.gov.il/cs/il-core-coverage-class"/></include></compose></ValueSet>