{"resourceType":"ValueSet","id":"moh-medication-code","text":{"status":"generated","div":"<div xmlns=\"http://www.w3.org/1999/xhtml\"><ul><li>Include all codes defined in <a href=\"CodeSystem-moh-medication-code.html\"><code>http://israeldrugs.health.gov.il</code></a></li></ul></div>"},"url":"http://fhir.health.gov.il/ValueSet/moh-medication-code","version":"0.15.0","name":"MoHMedicationCode","title":"MoH Medication Code","status":"draft","experimental":false,"date":"2023-12-21T10:10:16+01:00","publisher":"Israel Core Team","contact":[{"name":"Israel Core Team","telecom":[{"system":"email","value":"ido.levin@moh.gov.il"}]},{"name":"Kippi Bordowitz","telecom":[{"system":"email","value":"ido.levin@moh.gov.il"}]}],"description":"Codes for medications according to MoH catalogue","compose":{"include":[{"system":"http://israeldrugs.health.gov.il"}]}}