{"resourceType":"ValueSet","id":"il-core-jurisdiction","text":{"status":"generated","div":"<div xmlns=\"http://www.w3.org/1999/xhtml\"><ul><li>Include all codes defined in <a href=\"http://terminology.hl7.org/5.3.0/CodeSystem-ISO3166Part1.html\"><code>urn:iso:std:iso:3166</code></a></li></ul></div>"},"url":"http://fhir.health.gov.il/ValueSet/il-core-jurisdiction","version":"0.15.0","name":"ILCoreJurisdiction","title":"Country Codes","status":"draft","experimental":false,"date":"2023-12-21T10:10:16+01:00","publisher":"Israel Core Team","contact":[{"name":"Israel Core Team","telecom":[{"system":"email","value":"ido.levin@moh.gov.il"}]},{"name":"Kippi Bordowitz","telecom":[{"system":"email","value":"ido.levin@moh.gov.il"}]}],"description":"Codes for countries according to ISO 3166","compose":{"include":[{"system":"urn:iso:std:iso:3166"}]}}