{
  "resourceType" : "ValueSet",
  "id" : "practitioner-advanced-course-moh",
  "text" : {
    "status" : "generated",
    "div" : "<div xmlns=\"http://www.w3.org/1999/xhtml\"><ul><li>Include all codes defined in <a href=\"CodeSystem-practitioner-advanced-course-moh.html\"><code>http://fhir.health.gov.il/cs/practitioner-advanced-course-moh</code></a></li></ul></div>"
  },
  "url" : "http://fhir.health.gov.il/ValueSet/practitioner-advanced-course-moh",
  "version" : "0.15.0",
  "name" : "PractitionerAdvancedCourseMoH",
  "title" : "קוד קורס על בסיסי לעוסק בסיעוד",
  "status" : "draft",
  "experimental" : false,
  "date" : "2023-12-21T10:10:16+01:00",
  "publisher" : "Israel Core Team",
  "contact" : [{
    "name" : "Israel Core Team",
    "telecom" : [{
      "system" : "email",
      "value" : "ido.levin@moh.gov.il"
    }]
  },
  {
    "name" : "Kippi Bordowitz",
    "telecom" : [{
      "system" : "email",
      "value" : "ido.levin@moh.gov.il"
    }]
  }],
  "description" : "קוד קורס על בסיסי לעוסק בסיעוד לפי רישוי משרד הבריאות",
  "compose" : {
    "include" : [{
      "system" : "http://fhir.health.gov.il/cs/practitioner-advanced-course-moh"
    }]
  }
}