{
  "resourceType" : "ValueSet",
  "id" : "il-core-observation-lab-code",
  "text" : {
    "status" : "generated",
    "div" : "<div xmlns=\"http://www.w3.org/1999/xhtml\"><p>This value set includes codes based on the following rules:</p><ul><li>Include codes from <a href=\"http://loinc.org\"><code>http://loinc.org</code></a> where CLASSTYPE  =  1</li><li>Include these codes as defined in <a href=\"http://loinc.org\"><code>http://loinc.org</code></a><table class=\"none\"><tr><td style=\"white-space:nowrap\"><b>Code</b></td><td><b>Display</b></td></tr><tr><td><a href=\"https://loinc.org/11778-8/\">11778-8</a></td><td>Delivery date Estimated</td></tr><tr><td><a href=\"https://loinc.org/15325-4/\">15325-4</a></td><td>Prostate specific Ag/Prostate volume calculated</td></tr><tr><td><a href=\"https://loinc.org/19991-9/\">19991-9</a></td><td>Alveolar-arterial oxygen Partial pressure difference</td></tr><tr><td><a href=\"https://loinc.org/20564-1/\">20564-1</a></td><td>Oxygen saturation in Blood</td></tr><tr><td><a href=\"https://loinc.org/2709-4/\">2709-4</a></td><td>Oxygen saturation in Capillary blood</td></tr><tr><td><a href=\"https://loinc.org/2711-0/\">2711-0</a></td><td>Oxygen saturation in Venous blood</td></tr><tr><td><a href=\"https://loinc.org/29463-7/\">29463-7</a></td><td>Body weight</td></tr><tr><td><a href=\"https://loinc.org/3137-7/\">3137-7</a></td><td>Body height Measured</td></tr><tr><td><a href=\"https://loinc.org/33069-6/\">33069-6</a></td><td>Fetal nuchal translucency measured by US</td></tr><tr><td><a href=\"https://loinc.org/33434-2/\">33434-2</a></td><td>Volume expired (vol/time)</td></tr><tr><td><a href=\"https://loinc.org/38018-8/\">38018-8</a></td><td>US Guidance for fine needle aspiration of Unspecified body region</td></tr><tr><td><a href=\"https://loinc.org/39231-6/\">39231-6</a></td><td>Syphilis screen test status CPHS</td></tr><tr><td><a href=\"https://loinc.org/43150-2/\">43150-2</a></td><td>Hemoglobin A1c measurement device panel</td></tr><tr><td><a href=\"https://loinc.org/45251-6/\">45251-6</a></td><td>HIV confirmation facility</td></tr><tr><td><a href=\"https://loinc.org/45687-1/\">45687-1</a></td><td>Sexually transmitted diseases [Minimum Data Set]</td></tr><tr><td><a href=\"https://loinc.org/46633-4/\">46633-4</a></td><td>Remarks [RFC]</td></tr><tr><td><a href=\"https://loinc.org/48585-4/\">48585-4</a></td><td>NM Exhaled gas Gastric emptying time post 100 mg sodium acetate PO</td></tr><tr><td><a href=\"https://loinc.org/48770-2/\">48770-2</a></td><td>Fetal Biophysical profile panel US</td></tr><tr><td><a href=\"https://loinc.org/48807-2/\">48807-2</a></td><td>Bone marrow aspiration report</td></tr><tr><td><a href=\"https://loinc.org/55399-0/\">55399-0</a></td><td>Diabetes tracking panel</td></tr><tr><td><a href=\"https://loinc.org/60834-9/\">60834-9</a></td><td>Blood temperature</td></tr><tr><td><a href=\"https://loinc.org/62855-2/\">62855-2</a></td><td>Deprecated PhenX measure - oral glucose tolerance test</td></tr><tr><td><a href=\"https://loinc.org/62856-0/\">62856-0</a></td><td>PhenX - oral glucose tolerance test protocol 141001</td></tr><tr><td><a href=\"https://loinc.org/64604-2/\">64604-2</a></td><td>Technician [Identifier]</td></tr><tr><td><a href=\"https://loinc.org/64711-5/\">64711-5</a></td><td>How many weeks or months did that pregnancy last [#] [PhenX]</td></tr><tr><td><a href=\"https://loinc.org/68608-9/\">68608-9</a></td><td>Summary note</td></tr><tr><td><a href=\"https://loinc.org/71853-6/\">71853-6</a></td><td>Oxygen saturation [Pure mass fraction] in Blood</td></tr><tr><td><a href=\"https://loinc.org/73806-2/\">73806-2</a></td><td>Newborn age in hours</td></tr><tr><td><a href=\"https://loinc.org/76282-3/\">76282-3</a></td><td>Heart rate.beat-to-beat by EKG</td></tr><tr><td><a href=\"https://loinc.org/78354-8/\">78354-8</a></td><td>Arterial-alveolar oxygen Partial pressure ratio</td></tr><tr><td><a href=\"https://loinc.org/78940-4/\">78940-4</a></td><td>Coronary artery disease risk factor panel</td></tr><tr><td><a href=\"https://loinc.org/80333-8/\">80333-8</a></td><td>Other elements in Urine</td></tr><tr><td><a href=\"https://loinc.org/81035-8/\">81035-8</a></td><td>Trans fat intake 24 hour Measured</td></tr><tr><td><a href=\"https://loinc.org/8277-6/\">8277-6</a></td><td>Body surface area</td></tr><tr><td><a href=\"https://loinc.org/8310-5/\">8310-5</a></td><td>Body temperature</td></tr><tr><td><a href=\"https://loinc.org/8609-0/\">8609-0</a></td><td>Hypertrophy [Interpretation] by EKG</td></tr><tr><td><a href=\"https://loinc.org/87179-8/\">87179-8</a></td><td>Guidance for fine needle aspiration</td></tr><tr><td><a href=\"https://loinc.org/9187-6/\">9187-6</a></td><td>Urine output</td></tr><tr><td><a href=\"https://loinc.org/92573-5/\">92573-5</a></td><td>Resident of region that is endemic for the disease of interest</td></tr><tr><td><a href=\"https://loinc.org/99742-9/\">99742-9</a></td><td>Peritoneal dialysis panel</td></tr></table></li></ul></div>"
  },
  "url" : "http://fhir.health.gov.il/ValueSet/il-core-observation-lab-code",
  "version" : "0.15.0",
  "name" : "ILCoreObservationLabCode",
  "title" : "IL Core Observation Lab Code",
  "status" : "draft",
  "experimental" : false,
  "date" : "2023-12-21T10:10:16+01:00",
  "publisher" : "Israel Core Team",
  "contact" : [{
    "name" : "Israel Core Team",
    "telecom" : [{
      "system" : "email",
      "value" : "ido.levin@moh.gov.il"
    }]
  },
  {
    "name" : "Kippi Bordowitz",
    "telecom" : [{
      "system" : "email",
      "value" : "ido.levin@moh.gov.il"
    }]
  }],
  "description" : "A list of lab-code codes for lab observations for the IL Core",
  "compose" : {
    "include" : [{
      "system" : "http://loinc.org",
      "filter" : [{
        "property" : "CLASSTYPE",
        "op" : "=",
        "value" : "1"
      }]
    },
    {
      "system" : "http://loinc.org",
      "concept" : [{
        "code" : "11778-8",
        "display" : "Delivery date Estimated"
      },
      {
        "code" : "15325-4",
        "display" : "Prostate specific Ag/Prostate volume calculated"
      },
      {
        "code" : "19991-9",
        "display" : "Alveolar-arterial oxygen Partial pressure difference"
      },
      {
        "code" : "20564-1",
        "display" : "Oxygen saturation in Blood"
      },
      {
        "code" : "2709-4",
        "display" : "Oxygen saturation in Capillary blood"
      },
      {
        "code" : "2711-0",
        "display" : "Oxygen saturation in Venous blood"
      },
      {
        "code" : "29463-7",
        "display" : "Body weight"
      },
      {
        "code" : "3137-7",
        "display" : "Body height Measured"
      },
      {
        "code" : "33069-6",
        "display" : "Fetal nuchal translucency measured by US"
      },
      {
        "code" : "33434-2",
        "display" : "Volume expired (vol/time)"
      },
      {
        "code" : "38018-8",
        "display" : "US Guidance for fine needle aspiration of Unspecified body region"
      },
      {
        "code" : "39231-6",
        "display" : "Syphilis screen test status CPHS"
      },
      {
        "code" : "43150-2",
        "display" : "Hemoglobin A1c measurement device panel"
      },
      {
        "code" : "45251-6",
        "display" : "HIV confirmation facility"
      },
      {
        "code" : "45687-1",
        "display" : "Sexually transmitted diseases [Minimum Data Set]"
      },
      {
        "code" : "46633-4",
        "display" : "Remarks [RFC]"
      },
      {
        "code" : "48585-4",
        "display" : "NM Exhaled gas Gastric emptying time post 100 mg sodium acetate PO"
      },
      {
        "code" : "48770-2",
        "display" : "Fetal Biophysical profile panel US"
      },
      {
        "code" : "48807-2",
        "display" : "Bone marrow aspiration report"
      },
      {
        "code" : "55399-0",
        "display" : "Diabetes tracking panel"
      },
      {
        "code" : "60834-9",
        "display" : "Blood temperature"
      },
      {
        "code" : "62855-2",
        "display" : "Deprecated PhenX measure - oral glucose tolerance test"
      },
      {
        "code" : "62856-0",
        "display" : "PhenX - oral glucose tolerance test protocol 141001"
      },
      {
        "code" : "64604-2",
        "display" : "Technician [Identifier]"
      },
      {
        "code" : "64711-5",
        "display" : "How many weeks or months did that pregnancy last [#] [PhenX]"
      },
      {
        "code" : "68608-9",
        "display" : "Summary note"
      },
      {
        "code" : "71853-6",
        "display" : "Oxygen saturation [Pure mass fraction] in Blood"
      },
      {
        "code" : "73806-2",
        "display" : "Newborn age in hours"
      },
      {
        "code" : "76282-3",
        "display" : "Heart rate.beat-to-beat by EKG"
      },
      {
        "code" : "78354-8",
        "display" : "Arterial-alveolar oxygen Partial pressure ratio"
      },
      {
        "code" : "78940-4",
        "display" : "Coronary artery disease risk factor panel"
      },
      {
        "code" : "80333-8",
        "display" : "Other elements in Urine"
      },
      {
        "code" : "81035-8",
        "display" : "Trans fat intake 24 hour Measured"
      },
      {
        "code" : "8277-6",
        "display" : "Body surface area"
      },
      {
        "code" : "8310-5",
        "display" : "Body temperature"
      },
      {
        "code" : "8609-0",
        "display" : "Hypertrophy [Interpretation] by EKG"
      },
      {
        "code" : "87179-8",
        "display" : "Guidance for fine needle aspiration"
      },
      {
        "code" : "9187-6",
        "display" : "Urine output"
      },
      {
        "code" : "92573-5",
        "display" : "Resident of region that is endemic for the disease of interest"
      },
      {
        "code" : "99742-9",
        "display" : "Peritoneal dialysis panel"
      }]
    }]
  }
}