<?xml version="1.0" encoding="UTF-8"?>

<ValueSet xmlns="http://hl7.org/fhir">
  <id value="tofes17-reject-codes"/>
  <text>
    <status value="generated"/><div xmlns="http://www.w3.org/1999/xhtml"><ul><li>Include these codes as defined in <a href="CodeSystem-moh-tofes17-issue-code.html"><code>http://fhir.health.gov.il/cs/moh-tofes17-issue-code</code></a><table class="none"><tr><td style="white-space:nowrap"><b>Code</b></td><td><b>Display</b></td></tr><tr><td>pat-not-eligible</td><td>המטופל אינו זכאי להתחייבות</td></tr><tr><td>referred-to-community</td><td>הטיפול יבוצע בקהילה</td></tr><tr><td>not-ambulatory</td><td>השירות המבוקש אינו אמבולטורי</td></tr><tr><td>charge-not-authorized</td><td>ללקוח אין הרשאת חיוב </td></tr><tr><td>service-with-co-payment</td><td>הבקשה כוללת שירות עם השתתפות עצמית</td></tr><tr><td>service-not-covered</td><td>השירות אינו בסל</td></tr><tr><td>age-limit</td><td>קוד השירות מוגבל גיל</td></tr><tr><td>quantity-mismatch</td><td>כמות הטיפולים אינה תואמת את תוכנית הטיפול</td></tr><tr><td>req-not-compliant</td><td>הבקשה להתחייבות אינה תואמת לכללי החיוב</td></tr><tr><td>srv-code-mismatch</td><td>קוד השירות אינו תואם את הטיפול המתוכנן</td></tr><tr><td>pat-hospitalized</td><td>המטופל מאושפז</td></tr><tr><td>other</td><td>אחר</td></tr></table></li></ul></div>
  </text>
  <url value="http://fhir.health.gov.il/ValueSet/tofes17-reject-codes"/>
  <version value="0.15.0"/>
  <name value="Tofes17RejectCodes"/>
  <title value="Tofes17 Reject Codes"/>
  <status value="draft"/>
  <experimental value="false"/>
  <date value="2023-12-21T10:19:00+01:00"/>
  <publisher value="Israel Core Team"/>
  <contact>
    <name value="Israel Core Team"/>
    <telecom>
      <system value="email"/>
      <value value="ido.levin@moh.gov.il"/>
    </telecom>
  </contact>
  <contact>
    <name value="Kippi Bordowitz"/>
    <telecom>
      <system value="email"/>
      <value value="ido.levin@moh.gov.il"/>
    </telecom>
  </contact>
  <description value="קודי שגיאה לתהליכים הקשורים לטופס 17"/>
  <compose>
    <include>
      <system value="http://fhir.health.gov.il/cs/moh-tofes17-issue-code"/>
      <concept>
        <code value="pat-not-eligible"/>
        <display value="המטופל אינו זכאי להתחייבות"/>
      </concept>
      <concept>
        <code value="referred-to-community"/>
        <display value="הטיפול יבוצע בקהילה"/>
      </concept>
      <concept>
        <code value="not-ambulatory"/>
        <display value="השירות המבוקש אינו אמבולטורי"/>
      </concept>
      <concept>
        <code value="charge-not-authorized"/>
        <display value="ללקוח אין הרשאת חיוב "/>
      </concept>
      <concept>
        <code value="service-with-co-payment"/>
        <display value="הבקשה כוללת שירות עם השתתפות עצמית"/>
      </concept>
      <concept>
        <code value="service-not-covered"/>
        <display value="השירות אינו בסל"/>
      </concept>
      <concept>
        <code value="age-limit"/>
        <display value="קוד השירות מוגבל גיל"/>
      </concept>
      <concept>
        <code value="quantity-mismatch"/>
        <display value="כמות הטיפולים אינה תואמת את תוכנית הטיפול"/>
      </concept>
      <concept>
        <code value="req-not-compliant"/>
        <display value="הבקשה להתחייבות אינה תואמת לכללי החיוב"/>
      </concept>
      <concept>
        <code value="srv-code-mismatch"/>
        <display value="קוד השירות אינו תואם את הטיפול המתוכנן"/>
      </concept>
      <concept>
        <code value="pat-hospitalized"/>
        <display value="המטופל מאושפז"/>
      </concept>
      <concept>
        <code value="other"/>
        <display value="אחר"/>
      </concept>
    </include>
  </compose>
</ValueSet>