<?xml version="1.0" encoding="UTF-8"?><NamingSystem xmlns="http://hl7.org/fhir"><id value="nurse-advanced-course"/><text><status value="generated"/><div xmlns="http://www.w3.org/1999/xhtml"><h3>Summary</h3><table class="grid"><tr><td>Defining URL</td><td>http://fhir.health.gov.il/NamingSystem/nurse-advanced-course</td></tr><tr><td>Version</td><td>0.15.0</td></tr><tr><td>Name</td><td>Israeli Ministry of Health nurse advanced course</td></tr><tr><td>Status</td><td>active</td></tr><tr><td>Definition</td><td><div><p>Identifies RN advanced course according to Israeli MoH</p>
</div></td></tr><tr><td>Publisher</td><td>Israel Core Team</td></tr></table><h3>Identifiers</h3><table class="grid"><tr><td><b>Type</b></td><td><b>Value</b></td><td><b>Preferred</b></td></tr><tr><td>URI</td><td>http://fhir.health.gov.il/identifier/nurse-advanced-course</td><td>true</td></tr></table></div></text><extension url="http://hl7.org/fhir/5.0/StructureDefinition/extension-NamingSystem.url"><valueUri value="http://fhir.health.gov.il/NamingSystem/nurse-advanced-course"/></extension><extension url="http://hl7.org/fhir/5.0/StructureDefinition/extension-NamingSystem.version"><valueString value="0.15.0"/></extension><name value="Israeli Ministry of Health nurse advanced course"/><status value="active"/><kind value="identifier"/><date value="2022-12-08"/><publisher value="Israel Core Team"/><contact><name value="Israel Core Team"/><telecom><system value="email"/><value value="ido.levin@moh.gov.il"/></telecom></contact><contact><name value="Kippi Bordowitz"/><telecom><system value="email"/><value value="ido.levin@moh.gov.il"/></telecom></contact><responsible value="Israeli MoH"/><type><coding><system value="http://terminology.hl7.org/CodeSystem/v2-0203"/><code value="AC"/><display value="Accreditation/Certification Identifier"/></coding><text value="Nurse advanced course accreditation number"/></type><description value="Identifies RN advanced course according to Israeli MoH"/><jurisdiction><coding><system value="urn:iso:std:iso:3166"/><code value="IL"/></coding></jurisdiction><usage value="SHOULD include the advanced-course-code, a dash (-) and permanent-registration-certificate-number (nurse license-number as the moh-nurse-registration-certificate identifier) &lt;advanced-course-code&gt;-&lt;permanent-registration-certificate-number&gt; where advanced-course-code is a value from &lt;a href=&quot;https://simplifier.net/ilcore/practitioner-advanced-course-moh-duplicate-2&quot;&gt;PractitionerAdvancedCourseMoH&lt;/a&gt;. It means the identifier for different advanced course certificates for the same nurse will not be unique, but the practice-code will show the difference between them."/><uniqueId><type value="uri"/><value value="http://fhir.health.gov.il/identifier/nurse-advanced-course"/><preferred value="true"/></uniqueId></NamingSystem>