<?xml version="1.0" encoding="UTF-8"?><ValueSet xmlns="http://hl7.org/fhir"><id value="institution-type-moh"/><text><status value="generated"/><div xmlns="http://www.w3.org/1999/xhtml"><ul><li>Include all codes defined in <a href="CodeSystem-institution-type-moh.html"><code>http://fhir.health.gov.il/cs/institution-type-moh</code></a></li></ul></div></text><url value="http://fhir.health.gov.il/ValueSet/institution-type-moh"/><version value="0.14.0"/><name value="InstitutionTypeMoH"/><title value="סוג מוסד לפי רישוי משרד הבריאות"/><status value="draft"/><experimental value="false"/><date value="2023-12-05T11:14:13+01:00"/><publisher value="Israel Core Team"/><contact><name value="Israel Core Team"/><telecom><system value="email"/><value value="ido.levin@moh.gov.il"/></telecom></contact><contact><name value="Kippi Bordowitz"/><telecom><system value="email"/><value value="ido.levin@moh.gov.il"/></telecom></contact><description value="סוג מוסד לפי רישוי משרד הבריאות - הרוב המכריע נמצא בפרסום המאגר של רישוי מוסדות של משרד הבריאות"/><compose><include><system value="http://fhir.health.gov.il/cs/institution-type-moh"/></include></compose></ValueSet>