<?xml version="1.0" encoding="UTF-8"?><ValueSet xmlns="http://hl7.org/fhir"><id value="il-core-procedure-reason"/><text><status value="generated"/><div xmlns="http://www.w3.org/1999/xhtml"><p>This value set includes codes based on the following rules:</p><ul><li>Import all the codes that are contained in <a href="ValueSet-il-core-procedure-code.html">IL Core procedure Codes</a></li><li>Import all the codes that are contained in <a href="ValueSet-il-core-condition-code.html">IL Core Condition Code</a></li></ul></div></text><url value="http://fhir.health.gov.il/ValueSet/il-core-procedure-reason"/><version value="0.14.0"/><name value="ILCoreProcedureReason"/><title value="IL Core procedure Reason"/><status value="draft"/><experimental value="false"/><date value="2023-12-05T11:14:13+01:00"/><publisher value="Israel Core Team"/><contact><name value="Israel Core Team"/><telecom><system value="email"/><value value="ido.levin@moh.gov.il"/></telecom></contact><contact><name value="Kippi Bordowitz"/><telecom><system value="email"/><value value="ido.levin@moh.gov.il"/></telecom></contact><description value="A list of codes for procedure reasons for the IL Core"/><compose><include><valueSet value="http://fhir.health.gov.il/ValueSet/il-core-procedure-code"/></include><include><valueSet value="http://fhir.health.gov.il/ValueSet/il-core-condition-code"/></include></compose></ValueSet>