<?xml version="1.0" encoding="UTF-8"?>

<ValueSet xmlns="http://hl7.org/fhir">
  <id value="il-core-doctor-to-doctor"/>
  <text>
    <status value="generated"/><div xmlns="http://www.w3.org/1999/xhtml"><ul><li>Include these codes as defined in <a href="http://www.snomed.org/"><code>http://snomed.info/sct</code></a><table class="none"><tr><td style="white-space:nowrap"><b>Code</b></td><td><b>Display</b></td></tr><tr><td><a href="http://snomed.info/id/1268903003">1268903003</a></td><td>Consultation by multidisciplinary team (procedure)</td></tr></table></li></ul></div>
  </text>
  <url value="http://fhir.health.gov.il/ValueSet/il-core-doctor-to-doctor"/>
  <version value="0.13.1"/>
  <name value="ILCoreDoctorToDoctor"/>
  <title value="IL Core Doctor To Doctor Codes"/>
  <status value="draft"/>
  <experimental value="false"/>
  <date value="2023-12-04T20:12:04+01:00"/>
  <publisher value="Israel Core Team"/>
  <contact>
    <name value="Israel Core Team"/>
    <telecom>
      <system value="email"/>
      <value value="ido.levin@moh.gov.il"/>
    </telecom>
  </contact>
  <contact>
    <name value="Kippi Bordowitz"/>
    <telecom>
      <system value="email"/>
      <value value="ido.levin@moh.gov.il"/>
    </telecom>
  </contact>
  <description value="Codes for Doctor To Doctor encounter for the IL Core"/>
  <compose>
    <include>
      <system value="http://snomed.info/sct"/>
      <concept>
        <code value="1268903003"/>
        <display value="Consultation by multidisciplinary team (procedure)"/>
      </concept>
    </include>
  </compose>
</ValueSet>